No.,Time,Source,Destination,Length,Signal strength (dBm),RSSI,Noise level (dBm),Signal/noise ratio (dB),,,,Signal strength (dBm),RSSI
3,0,149.137.49.149,172.20.10.10,106,48 dBm,48,,,,,,48,48
4,0.074134,149.137.49.149,172.20.10.10,182,48 dBm,48,,,,,,48,48
11,0.167123,149.137.49.149,172.20.10.10,182,43 dBm,43,,,,,,43,43
14,0.2426212,149.137.49.149,172.20.10.10,158,47 dBm,47,,,,,,47,47
16,0.2705765,149.137.49.149,172.20.10.10,182,48 dBm,48,,,,,,48,48
43,0.3709385,149.137.49.149,172.20.10.10,182,43 dBm,43,,,,,,43,43
47,0.4719658,149.137.49.149,172.20.10.10,182,42 dBm,42,,,,,,42,42
51,0.5639173,149.137.49.149,172.20.10.10,182,45 dBm,45,,,,,,45,45
52,0.6748201,149.137.49.149,172.20.10.10,182,44 dBm,44,,,,,,44,44
54,0.6941756,10.4.79.210,172.20.10.10,162,44 dBm,44,,,,,,44,44
55,0.7675347,149.137.49.149,172.20.10.10,182,42 dBm,42,,,,,,42,42
57,0.8102095,1.1.1.1,172.20.10.10,126,41 dBm,41,,,,,,41,41
58,0.8689149,149.137.49.149,172.20.10.10,182,43 dBm,43,,,,,,43,43
60,0.9750369,149.137.49.149,172.20.10.10,182,44 dBm,44,,,,,,44,44
61,1.0793904,149.137.49.149,172.20.10.10,182,44 dBm,44,,,,,,44,44
63,1.1750341,149.137.49.149,172.20.10.10,182,44 dBm,44,,,,,,44,44
65,1.1772129,149.137.49.149,172.20.10.10,106,45 dBm,45,,,,,,45,45
66,1.1828972,149.137.49.149,172.20.10.10,156,45 dBm,45,,,,,,45,45
68,1.2135987,10.4.79.210,172.20.10.10,162,45 dBm,45,,,,,,45,45
70,1.2616727,149.137.49.149,172.20.10.10,158,46 dBm,46,,,,,,46,46
71,1.2726084,149.137.49.149,172.20.10.10,182,45 dBm,45,,,,,,45,45
72,1.3659817,149.137.49.149,172.20.10.10,182,46 dBm,46,,,,,,46,46
74,1.4701995,149.137.49.149,172.20.10.10,175,43 dBm,43,,,,,,43,43
75,1.4701995,149.137.49.149,172.20.10.10,182,43 dBm,43,,,,,,43,43
77,1.486195,149.137.49.149,172.20.10.10,175,42 dBm,42,,,,,,42,42
78,1.5785557,149.137.49.149,172.20.10.10,182,46 dBm,46,,,,,,46,46
80,1.6796158,149.137.49.149,172.20.10.10,182,45 dBm,45,,,,,,45,45
82,1.7290743,149.137.49.149,172.20.10.10,175,45 dBm,45,,,,,,45,45
83,1.7316856,149.137.49.149,172.20.10.10,175,44 dBm,44,,,,,,44,44
85,1.7750202,149.137.49.149,172.20.10.10,182,42 dBm,42,,,,,,42,42
87,1.8197656,1.1.1.1,172.20.10.10,126,44 dBm,44,,,,,,44,44
90,1.8536194,149.137.49.149,172.20.10.10,175,49 dBm,49,,,,,,49,49
92,1.8625417,149.137.49.149,172.20.10.10,175,49 dBm,49,,,,,,49,49
93,1.8635007,149.137.49.149,172.20.10.10,182,49 dBm,49,,,,,,49,49
94,1.9726499,149.137.49.149,172.20.10.10,182,44 dBm,44,,,,,,44,44
96,2.0693552,149.137.49.149,172.20.10.10,182,45 dBm,45,,,,,,45,45
99,2.1496027,149.137.49.149,172.20.10.10,151,45 dBm,45,,,,,,45,45
101,2.1594161,149.137.49.149,172.20.10.10,151,45 dBm,45,,,,,,45,45
102,2.1698101,149.137.49.149,172.20.10.10,182,43 dBm,43,,,,,,43,43
104,2.2093784,149.137.49.149,172.20.10.10,106,37 dBm,37,,,,,,37,37
105,2.2761662,149.137.49.149,172.20.10.10,182,37 dBm,37,,,,,,37,37
107,2.2827298,149.137.49.149,172.20.10.10,158,38 dBm,38,,,,,,38,38
108,2.3813382,149.137.49.149,172.20.10.10,182,45 dBm,45,,,,,,45,45
109,2.4820097,149.137.49.149,172.20.10.10,182,44 dBm,44,,,,,,44,44
110,2.5687101,149.137.49.149,172.20.10.10,182,46 dBm,46,,,,,,46,46
111,2.6779298,149.137.49.149,172.20.10.10,182,44 dBm,44,,,,,,44,44
113,2.7706883,149.137.49.149,172.20.10.10,182,43 dBm,43,,,,,,43,43
115,2.8296186,1.1.1.1,172.20.10.10,126,44 dBm,44,,,,,,44,44
116,2.8731949,149.137.49.149,172.20.10.10,182,42 dBm,42,,,,,,42,42
117,2.9648585,149.137.49.149,172.20.10.10,182,38 dBm,38,,,,,,38,38
118,3.0831065,149.137.49.149,172.20.10.10,182,41 dBm,41,,,,,,41,41
120,3.1770153,149.137.49.149,172.20.10.10,182,41 dBm,41,,,,,,41,41
121,3.269969,149.137.49.149,172.20.10.10,182,39 dBm,39,,,,,,39,39
122,3.3028579,149.137.49.149,172.20.10.10,158,42 dBm,42,,,,,,42,42
123,3.3755308,149.137.49.149,172.20.10.10,182,42 dBm,42,,,,,,42,42
124,3.4824057,149.137.49.149,172.20.10.10,182,40 dBm,40,,,,,,40,40
126,3.5725553,149.137.49.149,172.20.10.10,182,39 dBm,39,,,,,,39,39
133,3.6656138,149.137.49.149,172.20.10.10,182,41 dBm,41,,,,,,41,41
134,3.7676812,149.137.49.149,172.20.10.10,182,42 dBm,42,,,,,,42,42
136,3.8585498,1.1.1.1,172.20.10.10,126,40 dBm,40,,,,,,40,40
137,3.8693261,149.137.49.149,172.20.10.10,182,39 dBm,39,,,,,,39,39
139,3.9800757,149.137.49.149,172.20.10.10,182,40 dBm,40,,,,,,40,40
140,4.0814668,149.137.49.149,172.20.10.10,182,42 dBm,42,,,,,,42,42
141,4.1742562,149.137.49.149,172.20.10.10,182,42 dBm,42,,,,,,42,42
143,4.2741818,149.137.49.149,172.20.10.10,182,41 dBm,41,,,,,,41,41
144,4.3031773,149.137.49.149,172.20.10.10,158,39 dBm,39,,,,,,39,39
145,4.3713455,149.137.49.149,172.20.10.10,182,44 dBm,44,,,,,,44,44
146,4.4774928,149.137.49.149,172.20.10.10,182,43 dBm,43,,,,,,43,43
148,4.5745318,149.137.49.149,172.20.10.10,182,41 dBm,41,,,,,,41,41
149,4.6822806,149.137.49.149,172.20.10.10,182,46 dBm,46,,,,,,46,46
150,4.7810016,149.137.49.149,172.20.10.10,182,44 dBm,44,,,,,,44,44
153,4.862652,1.1.1.1,172.20.10.10,126,41 dBm,41,,,,,,41,41
154,4.8655995,149.137.49.149,172.20.10.10,182,41 dBm,41,,,,,,41,41
157,4.9682768,149.137.49.149,172.20.10.10,179,44 dBm,44,,,,,,44,44
158,4.9699247,149.137.49.149,172.20.10.10,182,44 dBm,44,,,,,,44,44
159,5.0774178,149.137.49.149,172.20.10.10,182,42 dBm,42,,,,,,42,42
160,5.1791657,149.137.49.149,172.20.10.10,182,39 dBm,39,,,,,,39,39
163,5.2209904,149.137.49.149,172.20.10.10,175,43 dBm,43,,,,,,43,43
164,5.222558,149.137.49.149,172.20.10.10,175,42 dBm,42,,,,,,42,42
166,5.2717897,149.137.49.149,172.20.10.10,182,41 dBm,41,,,,,,41,41
167,5.3230133,149.137.49.149,172.20.10.10,158,42 dBm,42,,,,,,42,42
168,5.3641376,149.137.49.149,172.20.10.10,182,43 dBm,43,,,,,,43,43
170,5.4694625,149.137.49.149,172.20.10.10,182,40 dBm,40,,,,,,40,40
171,5.4746138,149.137.49.149,172.20.10.10,175,40 dBm,40,,,,,,40,40
173,5.4840555,149.137.49.149,172.20.10.10,175,40 dBm,40,,,,,,40,40
174,5.5748766,149.137.49.149,172.20.10.10,182,42 dBm,42,,,,,,42,42
177,5.6050214,149.137.49.149,172.20.10.10,175,40 dBm,40,,,,,,40,40
178,5.607589,149.137.49.149,172.20.10.10,175,40 dBm,40,,,,,,40,40
180,5.6691405,149.137.49.149,172.20.10.10,182,39 dBm,39,,,,,,39,39
181,5.7712688,149.137.49.149,172.20.10.10,182,39 dBm,39,,,,,,39,39
183,5.8726762,149.137.49.149,172.20.10.10,182,39 dBm,39,,,,,,39,39
184,5.8795445,1.1.1.1,172.20.10.10,126,39 dBm,39,,,,,,39,39
185,5.8924864,149.137.49.149,172.20.10.10,151,38 dBm,38,,,,,,38,38
188,5.9095098,149.137.49.149,172.20.10.10,106,38 dBm,38,,,,,,38,38
189,5.9095098,149.137.49.149,172.20.10.10,151,38 dBm,38,,,,,,38,38
191,5.964144,149.137.49.149,172.20.10.10,182,42 dBm,42,,,,,,42,42
193,6.0754515,149.137.49.149,172.20.10.10,182,38 dBm,38,,,,,,38,38
194,6.1680467,149.137.49.149,172.20.10.10,182,39 dBm,39,,,,,,39,39
195,6.2698092,149.137.49.149,172.20.10.10,182,38 dBm,38,,,,,,38,38
197,6.3236397,149.137.49.149,172.20.10.10,158,42 dBm,42,,,,,,42,42
198,6.3708487,149.137.49.149,172.20.10.10,182,39 dBm,39,,,,,,39,39
199,6.4819979,149.137.49.149,172.20.10.10,182,40 dBm,40,,,,,,40,40
200,6.5636648,149.137.49.149,172.20.10.10,182,40 dBm,40,,,,,,40,40
201,6.6833606,149.137.49.149,172.20.10.10,182,40 dBm,40,,,,,,40,40
203,6.7834541,149.137.49.149,172.20.10.10,182,38 dBm,38,,,,,,38,38
205,6.869801,149.137.49.149,172.20.10.10,182,40 dBm,40,,,,,,40,40
206,6.8800243,1.1.1.1,172.20.10.10,126,39 dBm,39,,,,,,39,39
207,6.9989674,149.137.49.149,172.20.10.10,182,39 dBm,39,,,,,,39,39
209,7.0800248,149.137.49.149,172.20.10.10,182,40 dBm,40,,,,,,40,40
210,7.1918172,149.137.49.149,172.20.10.10,182,37 dBm,37,,,,,,37,37
211,7.2734822,149.137.49.149,172.20.10.10,182,37 dBm,37,,,,,,37,37
213,7.3431382,149.137.49.149,172.20.10.10,158,36 dBm,36,,,,,,36,36
215,7.4067286,149.137.49.149,172.20.10.10,182,37 dBm,37,,,,,,37,37
217,7.4680735,149.137.49.149,172.20.10.10,182,39 dBm,39,,,,,,39,39
218,7.5778504,149.137.49.149,172.20.10.10,182,37 dBm,37,,,,,,37,37
221,7.6908287,149.137.49.149,172.20.10.10,182,38 dBm,38,,,,,,38,38
222,7.7780599,149.137.49.149,172.20.10.10,182,36 dBm,36,,,,,,36,36
225,7.9140013,149.137.49.149,172.20.10.10,182,38 dBm,38,,,,,,38,38
226,7.9140013,1.1.1.1,172.20.10.10,126,38 dBm,38,,,,,,38,38
227,7.967028,149.137.49.149,172.20.10.10,182,38 dBm,38,,,,,,38,38
228,8.1127033,149.137.49.149,172.20.10.10,182,35 dBm,35,,,,,,35,35
230,8.16931,149.137.49.149,172.20.10.10,182,36 dBm,36,,,,,,36,36
231,8.3201926,149.137.49.149,172.20.10.10,182,33 dBm,33,,,,,,33,33
232,8.372686,149.137.49.149,172.20.10.10,158,32 dBm,32,,,,,,32,32
233,8.3738399,149.137.49.149,172.20.10.10,182,32 dBm,32,,,,,,32,32
234,8.5129996,149.137.49.149,172.20.10.10,182,33 dBm,33,,,,,,33,33
236,8.5907819,149.137.49.149,172.20.10.10,182,31 dBm,31,,,,,,31,31
237,8.6751427,149.137.49.149,172.20.10.10,182,33 dBm,33,,,,,,33,33
238,8.7978939,149.137.49.149,172.20.10.10,182,32 dBm,32,,,,,,32,32
240,8.8997994,1.1.1.1,172.20.10.10,126,32 dBm,32,,,,,,32,32
241,8.9106517,149.137.49.149,172.20.10.10,182,30 dBm,30,,,,,,30,30
244,8.9715082,149.137.49.149,172.20.10.10,175,28 dBm,28,,,,,,28,28
246,8.9755015,149.137.49.149,172.20.10.10,175,28 dBm,28,,,,,,28,28
247,8.9903925,149.137.49.149,172.20.10.10,182,28 dBm,28,,,,,,28,28
248,9.080952,149.137.49.149,172.20.10.10,182,27 dBm,27,,,,,,27,27
249,9.1931334,149.137.49.149,172.20.10.10,182,27 dBm,27,,,,,,27,27
251,9.2152865,149.137.49.149,172.20.10.10,172,27 dBm,27,,,,,,27,27
253,9.224664,149.137.49.149,172.20.10.10,175,27 dBm,27,,,,,,27,27
255,9.244719,149.137.49.149,172.20.10.10,175,29 dBm,29,,,,,,29,29
256,9.2677682,149.137.49.149,172.20.10.10,182,28 dBm,28,,,,,,28,28
258,9.290072,149.137.49.149,172.20.10.10,106,28 dBm,28,,,,,,28,28
260,9.357426,149.137.49.149,172.20.10.10,175,30 dBm,30,,,,,,30,30
262,9.3596809,149.137.49.149,172.20.10.10,175,30 dBm,30,,,,,,30,30
263,9.3873264,149.137.49.149,172.20.10.10,158,27 dBm,27,,,,,,27,27
264,9.3891149,149.137.49.149,172.20.10.10,182,27 dBm,27,,,,,,27,27
265,9.4767455,149.137.49.149,172.20.10.10,182,29 dBm,29,,,,,,29,29
266,9.6192124,149.137.49.149,172.20.10.10,182,29 dBm,29,,,,,,29,29
269,9.6518004,149.137.49.149,172.20.10.10,151,32 dBm,32,,,,,,32,32
271,9.6589737,149.137.49.149,172.20.10.10,106,33 dBm,33,,,,,,33,33
272,9.6643573,149.137.49.149,172.20.10.10,151,33 dBm,33,,,,,,33,33
273,9.67247,149.137.49.149,172.20.10.10,182,32 dBm,32,,,,,,32,32
275,9.708579,149.137.49.149,172.20.10.10,106,31 dBm,31,,,,,,31,31
276,9.814404,149.137.49.149,172.20.10.10,182,33 dBm,33,,,,,,33,33
277,9.8856677,149.137.49.149,172.20.10.10,182,31 dBm,31,,,,,,31,31
279,9.9236394,1.1.1.1,172.20.10.10,126,32 dBm,32,,,,,,32,32
280,9.9666398,149.137.49.149,172.20.10.10,182,32 dBm,32,,,,,,32,32
282,10.0964862,149.137.49.149,172.20.10.10,179,31 dBm,31,,,,,,31,31
283,10.0964862,149.137.49.149,172.20.10.10,182,31 dBm,31,,,,,,31,31
284,10.176224,149.137.49.149,172.20.10.10,182,32 dBm,32,,,,,,32,32
287,10.2821319,149.137.49.149,172.20.10.10,182,31 dBm,31,,,,,,31,31
289,10.3751848,149.137.49.149,172.20.10.10,182,31 dBm,31,,,,,,31,31
290,10.4033805,149.137.49.149,172.20.10.10,158,31 dBm,31,,,,,,31,31
291,10.4791127,149.137.49.149,172.20.10.10,182,30 dBm,30,,,,,,30,30
292,10.5771495,149.137.49.149,172.20.10.10,182,31 dBm,31,,,,,,31,31
295,10.6764183,149.137.49.149,172.20.10.10,182,32 dBm,32,,,,,,32,32
297,10.7805107,149.137.49.149,172.20.10.10,182,33 dBm,33,,,,,,33,33
298,10.8729662,149.137.49.149,172.20.10.10,182,33 dBm,33,,,,,,33,33
300,10.9201293,1.1.1.1,172.20.10.10,126,29 dBm,29,,,,,,29,29
301,10.9686774,149.137.49.149,172.20.10.10,182,31 dBm,31,,,,,,31,31
302,11.0815576,149.137.49.149,172.20.10.10,182,31 dBm,31,,,,,,31,31
304,11.1738768,149.137.49.149,172.20.10.10,182,29 dBm,29,,,,,,29,29
305,11.2708264,149.137.49.149,172.20.10.10,182,32 dBm,32,,,,,,32,32
306,11.3725944,149.137.49.149,172.20.10.10,182,28 dBm,28,,,,,,28,28
309,11.4235612,149.137.49.149,172.20.10.10,158,27 dBm,27,,,,,,27,27
310,11.4658663,149.137.49.149,172.20.10.10,182,26 dBm,26,,,,,,26,26
314,11.5688054,149.137.49.149,172.20.10.10,182,26 dBm,26,,,,,,26,26
315,11.6820286,149.137.49.149,172.20.10.10,182,28 dBm,28,,,,,,28,28
318,11.7651965,149.137.49.149,172.20.10.10,182,28 dBm,28,,,,,,28,28
322,11.8695343,149.137.49.149,172.20.10.10,182,29 dBm,29,,,,,,29,29
326,11.9350753,1.1.1.1,172.20.10.10,126,28 dBm,28,,,,,,28,28
327,11.9721717,149.137.49.149,172.20.10.10,182,28 dBm,28,,,,,,28,28
328,12.0825111,149.137.49.149,172.20.10.10,182,29 dBm,29,,,,,,29,29
330,12.168315,149.137.49.149,172.20.10.10,182,33 dBm,33,,,,,,33,33
331,12.2724033,149.137.49.149,172.20.10.10,182,35 dBm,35,,,,,,35,35
332,12.3638643,149.137.49.149,172.20.10.10,182,32 dBm,32,,,,,,32,32
333,12.4509888,149.137.49.149,172.20.10.10,158,33 dBm,33,,,,,,33,33
334,12.4673711,149.137.49.149,172.20.10.10,182,33 dBm,33,,,,,,33,33
336,12.575822,149.137.49.149,172.20.10.10,182,33 dBm,33,,,,,,33,33
337,12.6707599,149.137.49.149,172.20.10.10,182,32 dBm,32,,,,,,32,32
339,12.7149861,149.137.49.149,172.20.10.10,175,33 dBm,33,,,,,,33,33
341,12.7200334,149.137.49.149,172.20.10.10,175,33 dBm,33,,,,,,33,33
343,12.7391662,149.137.49.149,172.20.10.10,106,32 dBm,32,,,,,,32,32
344,12.7402569,149.137.49.149,172.20.10.10,192,32 dBm,32,,,,,,32,32
345,12.7666605,149.137.49.149,172.20.10.10,182,33 dBm,33,,,,,,33,33
347,12.8349649,149.137.49.149,172.20.10.10,106,35 dBm,35,,,,,,35,35
348,12.8770809,149.137.49.149,172.20.10.10,182,34 dBm,34,,,,,,34,34
351,12.9452851,1.1.1.1,172.20.10.10,126,34 dBm,34,,,,,,34,34
353,12.9692254,149.137.49.149,172.20.10.10,182,33 dBm,33,,,,,,33,33
354,12.9794073,149.137.49.149,172.20.10.10,175,32 dBm,32,,,,,,32,32
356,12.9801848,149.137.49.149,172.20.10.10,175,32 dBm,32,,,,,,32,32
357,13.0791776,149.137.49.149,172.20.10.10,182,34 dBm,34,,,,,,34,34
359,13.1106599,149.137.49.149,172.20.10.10,175,35 dBm,35,,,,,,35,35
360,13.1118713,149.137.49.149,172.20.10.10,175,35 dBm,35,,,,,,35,35
362,13.1721545,149.137.49.149,172.20.10.10,182,33 dBm,33,,,,,,33,33
363,13.2732423,149.137.49.149,172.20.10.10,182,34 dBm,34,,,,,,34,34
365,13.3651522,149.137.49.149,172.20.10.10,182,30 dBm,30,,,,,,30,30
367,13.4046376,149.137.49.149,172.20.10.10,151,31 dBm,31,,,,,,31,31
369,13.4192361,149.137.49.149,172.20.10.10,106,30 dBm,30,,,,,,30,30
370,13.4192361,149.137.49.149,172.20.10.10,151,30 dBm,30,,,,,,30,30
371,13.4629208,149.137.49.149,172.20.10.10,158,31 dBm,31,,,,,,31,31
372,13.4646549,149.137.49.149,172.20.10.10,106,31 dBm,31,,,,,,31,31
373,13.4666719,149.137.49.149,172.20.10.10,182,32 dBm,32,,,,,,32,32
375,13.576842,149.137.49.149,172.20.10.10,182,34 dBm,34,,,,,,34,34
377,13.6765515,149.137.49.149,172.20.10.10,182,35 dBm,35,,,,,,35,35
378,13.7745949,149.137.49.149,172.20.10.10,182,37 dBm,37,,,,,,37,37
379,13.8848133,149.137.49.149,172.20.10.10,182,37 dBm,37,,,,,,37,37
382,13.9503864,1.1.1.1,172.20.10.10,126,38 dBm,38,,,,,,38,38
383,13.9639233,149.137.49.149,172.20.10.10,182,38 dBm,38,,,,,,38,38
384,14.0752023,149.137.49.149,172.20.10.10,182,37 dBm,37,,,,,,37,37
385,14.1677536,149.137.49.149,172.20.10.10,182,37 dBm,37,,,,,,37,37
387,14.2862402,149.137.49.149,172.20.10.10,182,39 dBm,39,,,,,,39,39
391,14.3809703,149.137.49.149,172.20.10.10,182,41 dBm,41,,,,,,41,41
392,14.4790755,149.137.49.149,172.20.10.10,182,40 dBm,40,,,,,,40,40
393,14.4832581,149.137.49.149,172.20.10.10,158,40 dBm,40,,,,,,40,40
394,14.5631774,149.137.49.149,172.20.10.10,182,42 dBm,42,,,,,,42,42
395,14.6750781,149.137.49.149,172.20.10.10,182,40 dBm,40,,,,,,40,40
397,14.7753588,149.137.49.149,172.20.10.10,182,39 dBm,39,,,,,,39,39
400,14.8754627,149.137.49.149,172.20.10.10,182,39 dBm,39,,,,,,39,39
402,14.9653439,1.1.1.1,172.20.10.10,126,38 dBm,38,,,,,,38,38
403,14.9702818,149.137.49.149,172.20.10.10,182,38 dBm,38,,,,,,38,38
404,15.0788749,149.137.49.149,172.20.10.10,182,39 dBm,39,,,,,,39,39
406,15.1817092,149.137.49.149,172.20.10.10,182,39 dBm,39,,,,,,39,39
407,15.1817092,149.137.49.149,172.20.10.10,179,39 dBm,39,,,,,,39,39
409,15.2654025,149.137.49.149,172.20.10.10,182,35 dBm,35,,,,,,35,35
410,15.2780092,149.137.49.149,172.20.10.10,106,35 dBm,35,,,,,,35,35
411,15.2847886,149.137.49.149,172.20.10.10,156,36 dBm,36,,,,,,36,36
414,15.3658408,149.137.49.149,172.20.10.10,182,28 dBm,28,,,,,,28,28
415,15.4838525,149.137.49.149,172.20.10.10,182,28 dBm,28,,,,,,28,28
417,15.5034519,149.137.49.149,172.20.10.10,158,30 dBm,30,,,,,,30,30
418,15.5691546,149.137.49.149,172.20.10.10,182,30 dBm,30,,,,,,30,30
419,15.6778452,149.137.49.149,172.20.10.10,182,31 dBm,31,,,,,,31,31
420,15.7756033,149.137.49.149,172.20.10.10,182,31 dBm,31,,,,,,31,31
421,15.8744785,149.137.49.149,172.20.10.10,182,31 dBm,31,,,,,,31,31
424,15.9776286,149.137.49.149,172.20.10.10,182,32 dBm,32,,,,,,32,32
425,15.9953896,1.1.1.1,172.20.10.10,126,32 dBm,32,,,,,,32,32
426,16.0829887,149.137.49.149,172.20.10.10,182,31 dBm,31,,,,,,31,31
427,16.1760534,149.137.49.149,172.20.10.10,182,30 dBm,30,,,,,,30,30
429,16.2865762,149.137.49.149,172.20.10.10,182,27 dBm,27,,,,,,27,27
432,16.3753513,149.137.49.149,172.20.10.10,182,30 dBm,30,,,,,,30,30
434,16.4668071,149.137.49.149,172.20.10.10,175,29 dBm,29,,,,,,29,29
435,16.4668071,149.137.49.149,172.20.10.10,182,29 dBm,29,,,,,,29,29
438,16.4806795,149.137.49.149,172.20.10.10,175,30 dBm,30,,,,,,30,30
439,16.5225339,149.137.49.149,172.20.10.10,158,28 dBm,28,,,,,,28,28
440,16.566029,149.137.49.149,172.20.10.10,182,28 dBm,28,,,,,,28,28
442,16.6754695,149.137.49.149,172.20.10.10,182,28 dBm,28,,,,,,28,28
444,16.7236871,149.137.49.149,172.20.10.10,175,29 dBm,29,,,,,,29,29
445,16.7279708,149.137.49.149,172.20.10.10,175,29 dBm,29,,,,,,29,29
447,16.7691583,149.137.49.149,172.20.10.10,182,28 dBm,28,,,,,,28,28
449,16.8599245,149.137.49.149,172.20.10.10,175,29 dBm,29,,,,,,29,29
450,16.8688326,149.137.49.149,172.20.10.10,175,28 dBm,28,,,,,,28,28
452,16.8710778,149.137.49.149,172.20.10.10,182,28 dBm,28,,,,,,28,28
455,16.9753891,149.137.49.149,172.20.10.10,182,28 dBm,28,,,,,,28,28
456,16.992583,1.1.1.1,172.20.10.10,126,28 dBm,28,,,,,,28,28
457,17.0724993,149.137.49.149,172.20.10.10,182,28 dBm,28,,,,,,28,28
459,17.153277,149.137.49.149,172.20.10.10,151,27 dBm,27,,,,,,27,27
461,17.1672473,149.137.49.149,172.20.10.10,182,28 dBm,28,,,,,,28,28
462,17.1694464,149.137.49.149,172.20.10.10,151,27 dBm,27,,,,,,27,27
463,17.2141154,149.137.49.149,172.20.10.10,106,27 dBm,27,,,,,,27,27
465,17.2670687,149.137.49.149,172.20.10.10,182,26 dBm,26,,,,,,26,26
467,17.3692592,149.137.49.149,172.20.10.10,182,26 dBm,26,,,,,,26,26
468,17.4838479,149.137.49.149,172.20.10.10,182,26 dBm,26,,,,,,26,26
470,17.5044997,10.4.79.210,172.20.10.10,162,25 dBm,25,,,,,,25,25
471,17.5435468,149.137.49.149,172.20.10.10,158,24 dBm,24,,,,,,24,24
472,17.5720386,149.137.49.149,172.20.10.10,182,26 dBm,26,,,,,,26,26
474,17.6799131,149.137.49.149,172.20.10.10,182,27 dBm,27,,,,,,27,27
475,17.7660167,149.137.49.149,172.20.10.10,182,25 dBm,25,,,,,,25,25
476,17.8745414,149.137.49.149,172.20.10.10,182,26 dBm,26,,,,,,26,26
478,17.9702374,149.137.49.149,172.20.10.10,182,26 dBm,26,,,,,,26,26
480,18.0001048,1.1.1.1,172.20.10.10,126,26 dBm,26,,,,,,26,26
482,18.0437032,10.4.79.210,172.20.10.10,162,26 dBm,26,,,,,,26,26
483,18.0719471,149.137.49.149,172.20.10.10,182,25 dBm,25,,,,,,25,25
484,18.1749683,149.137.49.149,172.20.10.10,182,25 dBm,25,,,,,,25,25
486,18.2686847,149.137.49.149,172.20.10.10,182,25 dBm,25,,,,,,25,25
487,18.365,149.137.49.149,172.20.10.10,182,24 dBm,24,,,,,,24,24
488,18.475763,149.137.49.149,172.20.10.10,182,26 dBm,26,,,,,,26,26
490,18.5618054,149.137.49.149,172.20.10.10,158,23 dBm,23,,,,,,23,23
491,18.5697158,149.137.49.149,172.20.10.10,182,23 dBm,23,,,,,,23,23
492,18.6788497,149.137.49.149,172.20.10.10,182,25 dBm,25,,,,,,25,25
493,18.7979308,149.137.49.149,172.20.10.10,182,25 dBm,25,,,,,,25,25
496,18.9963647,149.137.49.149,172.20.10.10,182,24 dBm,24,,,,,,24,24
497,18.9963647,149.137.49.149,172.20.10.10,182,24 dBm,24,,,,,,24,24
498,19.0154278,1.1.1.1,172.20.10.10,126,25 dBm,25,,,,,,25,25
499,19.0706312,149.137.49.149,172.20.10.10,182,25 dBm,25,,,,,,25,25
500,19.2634246,149.137.49.149,172.20.10.10,182,24 dBm,24,,,,,,24,24
502,19.2827564,149.137.49.149,172.20.10.10,182,24 dBm,24,,,,,,24,24
503,19.3582662,149.137.49.149,172.20.10.10,172,27 dBm,27,,,,,,27,27
505,19.3751189,149.137.49.149,172.20.10.10,182,26 dBm,26,,,,,,26,26
506,19.519704,149.137.49.149,172.20.10.10,106,26 dBm,26,,,,,,26,26
507,19.519704,149.137.49.149,172.20.10.10,182,26 dBm,26,,,,,,26,26
508,19.6516718,149.137.49.149,172.20.10.10,182,29 dBm,29,,,,,,29,29
509,19.6516718,149.137.49.149,172.20.10.10,158,29 dBm,29,,,,,,29,29
511,19.6708278,149.137.49.149,172.20.10.10,182,28 dBm,28,,,,,,28,28
512,19.7964606,149.137.49.149,172.20.10.10,182,29 dBm,29,,,,,,29,29
513,19.9399337,149.137.49.149,172.20.10.10,182,30 dBm,30,,,,,,30,30
514,19.9720799,149.137.49.149,172.20.10.10,182,31 dBm,31,,,,,,31,31
517,20.1195736,1.1.1.1,172.20.10.10,126,30 dBm,30,,,,,,30,30
518,20.1196716,149.137.49.149,172.20.10.10,182,30 dBm,30,,,,,,30,30
520,20.2630808,149.137.49.149,172.20.10.10,182,30 dBm,30,,,,,,30,30
521,20.263306,149.137.49.149,172.20.10.10,175,30 dBm,30,,,,,,30,30
523,20.2672808,149.137.49.149,172.20.10.10,179,30 dBm,30,,,,,,30,30
524,20.2672808,149.137.49.149,172.20.10.10,182,30 dBm,30,,,,,,30,30
525,20.281465,149.137.49.149,172.20.10.10,175,30 dBm,30,,,,,,30,30
526,20.4268576,149.137.49.149,172.20.10.10,182,30 dBm,30,,,,,,30,30
529,20.5702636,149.137.49.149,172.20.10.10,182,28 dBm,28,,,,,,28,28
530,20.5706613,149.137.49.149,172.20.10.10,175,28 dBm,28,,,,,,28,28
532,20.5754016,149.137.49.149,172.20.10.10,182,28 dBm,28,,,,,,28,28
534,20.5892825,149.137.49.149,172.20.10.10,175,27 dBm,27,,,,,,27,27
535,20.6035061,149.137.49.149,172.20.10.10,158,28 dBm,28,,,,,,28,28
536,20.7194072,149.137.49.149,172.20.10.10,175,29 dBm,29,,,,,,29,29
537,20.7200583,149.137.49.149,172.20.10.10,175,29 dBm,29,,,,,,29,29
538,20.7200583,149.137.49.149,172.20.10.10,182,29 dBm,29,,,,,,29,29
541,20.8627164,149.137.49.149,172.20.10.10,182,28 dBm,28,,,,,,28,28
544,20.8721069,149.137.49.149,172.20.10.10,182,29 dBm,29,,,,,,29,29
546,20.898333,149.137.49.149,172.20.10.10,151,30 dBm,30,,,,,,30,30
548,20.9094123,149.137.49.149,172.20.10.10,106,29 dBm,29,,,,,,29,29
549,20.9094123,149.137.49.149,172.20.10.10,151,29 dBm,29,,,,,,29,29
552,21.0412899,149.137.49.149,172.20.10.10,106,28 dBm,28,,,,,,28,28
553,21.0414899,149.137.49.149,172.20.10.10,182,27 dBm,27,,,,,,27,27
554,21.1848546,149.137.49.149,172.20.10.10,182,27 dBm,27,,,,,,27,27
556,21.1856616,1.1.1.1,172.20.10.10,126,28 dBm,28,,,,,,28,28
557,21.1856616,149.137.49.149,172.20.10.10,182,28 dBm,28,,,,,,28,28
558,21.3489678,149.137.49.149,172.20.10.10,182,26 dBm,26,,,,,,26,26
559,21.3664946,149.137.49.149,172.20.10.10,182,25 dBm,25,,,,,,25,25
560,21.4921905,149.137.49.149,172.20.10.10,182,27 dBm,27,,,,,,27,27
562,21.6562992,149.137.49.149,172.20.10.10,182,27 dBm,27,,,,,,27,27
563,21.6562992,149.137.49.149,172.20.10.10,158,27 dBm,27,,,,,,27,27
564,21.6724763,149.137.49.149,172.20.10.10,182,25 dBm,25,,,,,,25,25
565,21.7994541,149.137.49.149,172.20.10.10,182,27 dBm,27,,,,,,27,27
567,21.9637533,149.137.49.149,172.20.10.10,182,25 dBm,25,,,,,,25,25
568,21.9747488,149.137.49.149,172.20.10.10,182,24 dBm,24,,,,,,24,24
570,22.1057949,149.137.49.149,172.20.10.10,182,29 dBm,29,,,,,,29,29
572,22.1251134,1.1.1.1,172.20.10.10,126,30 dBm,30,,,,,,30,30
575,22.2701041,149.137.49.149,172.20.10.10,182,36 dBm,36,,,,,,36,36
579,22.2801202,149.137.49.149,172.20.10.10,182,35 dBm,35,,,,,,35,35
585,22.3722962,149.137.49.149,172.20.10.10,182,32 dBm,32,,,,,,32,32
598,22.5774133,149.137.49.149,172.20.10.10,182,34 dBm,34,,,,,,34,34
600,22.5775049,149.137.49.149,172.20.10.10,182,34 dBm,34,,,,,,34,34
610,22.6432423,149.137.49.149,172.20.10.10,158,32 dBm,32,,,,,,32,32
612,22.6683378,149.137.49.149,172.20.10.10,182,32 dBm,32,,,,,,32,32
622,22.7689085,149.137.49.149,172.20.10.10,182,31 dBm,31,,,,,,31,31
623,22.8861092,149.137.49.149,172.20.10.10,182,30 dBm,30,,,,,,30,30
635,22.9719424,149.137.49.149,172.20.10.10,182,30 dBm,30,,,,,,30,30
640,23.0351027,1.1.1.1,172.20.10.10,126,31 dBm,31,,,,,,31,31
649,23.0639712,149.137.49.149,172.20.10.10,182,30 dBm,30,,,,,,30,30
656,23.1653877,149.137.49.149,172.20.10.10,182,30 dBm,30,,,,,,30,30
664,23.2669779,149.137.49.149,172.20.10.10,182,32 dBm,32,,,,,,32,32
667,23.3745137,149.137.49.149,172.20.10.10,182,31 dBm,31,,,,,,31,31
670,23.4792423,149.137.49.149,172.20.10.10,182,30 dBm,30,,,,,,30,30
671,23.5810827,149.137.49.149,172.20.10.10,182,30 dBm,30,,,,,,30,30
673,23.6730643,149.137.49.149,172.20.10.10,158,31 dBm,31,,,,,,31,31
674,23.6730643,149.137.49.149,172.20.10.10,182,31 dBm,31,,,,,,31,31
675,23.7669754,149.137.49.149,172.20.10.10,182,30 dBm,30,,,,,,30,30
676,23.8775517,149.137.49.149,172.20.10.10,182,30 dBm,30,,,,,,30,30
678,23.9704151,149.137.49.149,172.20.10.10,175,30 dBm,30,,,,,,30,30
680,23.9715112,149.137.49.149,172.20.10.10,182,30 dBm,30,,,,,,30,30
682,23.9811867,149.137.49.149,172.20.10.10,175,30 dBm,30,,,,,,30,30
684,24.0497286,1.1.1.1,172.20.10.10,126,31 dBm,31,,,,,,31,31
685,24.0722233,149.137.49.149,172.20.10.10,182,31 dBm,31,,,,,,31,31
686,24.1640936,149.137.49.149,172.20.10.10,182,33 dBm,33,,,,,,33,33
690,24.225139,149.137.49.149,172.20.10.10,175,34 dBm,34,,,,,,34,34
692,24.2350581,149.137.49.149,172.20.10.10,175,34 dBm,34,,,,,,34,34
693,24.2657819,149.137.49.149,172.20.10.10,182,34 dBm,34,,,,,,34,34
695,24.3565077,149.137.49.149,172.20.10.10,175,32 dBm,32,,,,,,32,32
697,24.3681672,149.137.49.149,172.20.10.10,182,33 dBm,33,,,,,,33,33
699,24.3701027,149.137.49.149,172.20.10.10,175,33 dBm,33,,,,,,33,33
700,24.4865414,149.137.49.149,172.20.10.10,182,33 dBm,33,,,,,,33,33
701,24.575204,149.137.49.149,172.20.10.10,182,34 dBm,34,,,,,,34,34
703,24.6515181,149.137.49.149,172.20.10.10,151,33 dBm,33,,,,,,33,33
705,24.6599377,149.137.49.149,172.20.10.10,106,32 dBm,32,,,,,,32,32
706,24.6599377,149.137.49.149,172.20.10.10,151,32 dBm,32,,,,,,32,32
707,24.6724067,149.137.49.149,172.20.10.10,182,33 dBm,33,,,,,,33,33
709,24.6831988,149.137.49.149,172.20.10.10,158,33 dBm,33,,,,,,33,33
711,24.7101602,149.137.49.149,172.20.10.10,106,32 dBm,32,,,,,,32,32
714,24.763961,149.137.49.149,172.20.10.10,182,31 dBm,31,,,,,,31,31
716,24.8684249,149.137.49.149,172.20.10.10,182,32 dBm,32,,,,,,32,32
717,24.9666179,149.137.49.149,172.20.10.10,182,34 dBm,34,,,,,,34,34
718,25.0251244,170.114.15.69,172.20.10.10,309,32 dBm,32,,,,,,32,32
720,25.060353,1.1.1.1,172.20.10.10,126,31 dBm,31,,,,,,31,31
721,25.0684388,149.137.49.149,172.20.10.10,182,31 dBm,31,,,,,,31,31
724,25.1768949,149.137.49.149,172.20.10.10,182,34 dBm,34,,,,,,34,34
737,25.273432,149.137.49.149,172.20.10.10,182,37 dBm,37,,,,,,37,37
746,25.3730355,149.137.49.149,172.20.10.10,179,34 dBm,34,,,,,,34,34
747,25.3730355,149.137.49.149,172.20.10.10,182,34 dBm,34,,,,,,34,34
749,25.4729669,149.137.49.149,172.20.10.10,182,34 dBm,34,,,,,,34,34
751,25.5290058,149.137.49.149,172.20.10.10,106,35 dBm,35,,,,,,35,35
752,25.5290058,149.137.49.149,172.20.10.10,192,35 dBm,35,,,,,,35,35
754,25.5657999,149.137.49.149,172.20.10.10,182,34 dBm,34,,,,,,34,34
756,25.619346,149.137.49.149,172.20.10.10,106,35 dBm,35,,,,,,35,35
757,25.6683551,149.137.49.149,172.20.10.10,182,35 dBm,35,,,,,,35,35
759,25.7031106,149.137.49.149,172.20.10.10,158,35 dBm,35,,,,,,35,35
761,25.7692467,149.137.49.149,172.20.10.10,182,35 dBm,35,,,,,,35,35
763,25.881017,149.137.49.149,172.20.10.10,182,32 dBm,32,,,,,,32,32
765,25.8993216,10.4.79.210,172.20.10.10,162,32 dBm,32,,,,,,32,32
766,25.9799554,149.137.49.149,172.20.10.10,182,33 dBm,33,,,,,,33,33
768,26.0643368,149.137.49.149,172.20.10.10,182,34 dBm,34,,,,,,34,34
769,26.0752731,1.1.1.1,172.20.10.10,126,34 dBm,34,,,,,,34,34
771,26.1664517,149.137.49.149,172.20.10.10,182,35 dBm,35,,,,,,35,35
784,26.2681572,149.137.49.149,172.20.10.10,182,34 dBm,34,,,,,,34,34
785,26.378861,149.137.49.149,172.20.10.10,182,34 dBm,34,,,,,,34,34
797,26.4289566,10.4.79.210,172.20.10.10,162,34 dBm,34,,,,,,34,34
798,26.4704452,170.114.15.129,172.20.10.10,301,35 dBm,35,,,,,,35,35
799,26.4718857,149.137.49.149,172.20.10.10,182,35 dBm,35,,,,,,35,35
804,26.5739083,149.137.49.149,172.20.10.10,182,32 dBm,32,,,,,,32,32
805,26.6737364,149.137.49.149,172.20.10.10,182,34 dBm,34,,,,,,34,34
806,26.722268,149.137.49.149,172.20.10.10,158,34 dBm,34,,,,,,34,34
807,26.7656366,149.137.49.149,172.20.10.10,182,33 dBm,33,,,,,,33,33
808,26.8773258,149.137.49.149,172.20.10.10,182,33 dBm,33,,,,,,33,33
810,26.9753846,149.137.49.149,172.20.10.10,182,34 dBm,34,,,,,,34,34
812,27.071003,149.137.49.149,172.20.10.10,182,33 dBm,33,,,,,,33,33
813,27.0832123,1.1.1.1,172.20.10.10,126,33 dBm,33,,,,,,33,33
817,27.1820199,149.137.49.149,172.20.10.10,182,34 dBm,34,,,,,,34,34
819,27.2673472,149.137.49.149,172.20.10.10,182,36 dBm,36,,,,,,36,36
820,27.3660989,149.137.49.149,172.20.10.10,182,35 dBm,35,,,,,,35,35
823,27.4773115,149.137.49.149,172.20.10.10,182,35 dBm,35,,,,,,35,35
824,27.5759119,149.137.49.149,172.20.10.10,182,34 dBm,34,,,,,,34,34
826,27.6786059,149.137.49.149,172.20.10.10,182,32 dBm,32,,,,,,32,32
828,27.7212341,149.137.49.149,172.20.10.10,175,33 dBm,33,,,,,,33,33
829,27.7221399,149.137.49.149,172.20.10.10,175,33 dBm,33,,,,,,33,33
831,27.7433469,149.137.49.149,172.20.10.10,158,33 dBm,33,,,,,,33,33
832,27.7732503,149.137.49.149,172.20.10.10,182,33 dBm,33,,,,,,33,33
833,27.8727912,149.137.49.149,172.20.10.10,182,33 dBm,33,,,,,,33,33
835,27.974033,149.137.49.149,172.20.10.10,182,30 dBm,30,,,,,,30,30
837,27.9762342,149.137.49.149,172.20.10.10,175,31 dBm,31,,,,,,31,31
839,27.9903213,149.137.49.149,172.20.10.10,175,33 dBm,33,,,,,,33,33
840,28.0680011,149.137.49.149,172.20.10.10,182,32 dBm,32,,,,,,32,32
843,28.0997297,1.1.1.1,172.20.10.10,126,29 dBm,29,,,,,,29,29
844,28.1082737,149.137.49.149,172.20.10.10,175,31 dBm,31,,,,,,31,31
846,28.1103619,149.137.49.149,172.20.10.10,175,31 dBm,31,,,,,,31,31
848,28.1694182,149.137.49.149,172.20.10.10,182,32 dBm,32,,,,,,32,32
849,28.2786169,149.137.49.149,172.20.10.10,182,30 dBm,30,,,,,,30,30
851,28.38119,149.137.49.149,172.20.10.10,182,34 dBm,34,,,,,,34,34
853,28.4032309,149.137.49.149,172.20.10.10,151,33 dBm,33,,,,,,33,33
855,28.4092053,149.137.49.149,172.20.10.10,106,34 dBm,34,,,,,,34,34
856,28.4102108,149.137.49.149,172.20.10.10,151,34 dBm,34,,,,,,34,34
858,28.4639099,149.137.49.149,172.20.10.10,106,33 dBm,33,,,,,,33,33
859,28.465767,149.137.49.149,172.20.10.10,182,33 dBm,33,,,,,,33,33
860,28.5658593,149.137.49.149,172.20.10.10,182,30 dBm,30,,,,,,30,30
861,28.6856986,149.137.49.149,172.20.10.10,182,32 dBm,32,,,,,,32,32
863,28.770502,149.137.49.149,172.20.10.10,158,33 dBm,33,,,,,,33,33
864,28.770502,149.137.49.149,172.20.10.10,182,33 dBm,33,,,,,,33,33
865,28.8795625,149.137.49.149,172.20.10.10,182,33 dBm,33,,,,,,33,33
866,28.9731393,149.137.49.149,172.20.10.10,182,33 dBm,33,,,,,,33,33
867,29.0643472,149.137.49.149,172.20.10.10,182,32 dBm,32,,,,,,32,32
870,29.1051927,1.1.1.1,172.20.10.10,126,31 dBm,31,,,,,,31,31
872,29.1714074,149.137.49.149,172.20.10.10,182,33 dBm,33,,,,,,33,33
873,29.2753964,149.137.49.149,172.20.10.10,182,30 dBm,30,,,,,,30,30
876,29.3532499,149.137.49.149,172.20.10.10,106,33 dBm,33,,,,,,33,33
877,29.3594036,149.137.49.149,172.20.10.10,156,33 dBm,33,,,,,,33,33
878,29.3686567,149.137.49.149,172.20.10.10,182,32 dBm,32,,,,,,32,32
880,29.3904105,149.137.49.149,172.20.10.10,172,32 dBm,32,,,,,,32,32
883,29.4599674,149.137.49.149,172.20.10.10,106,33 dBm,33,,,,,,33,33
884,29.4801242,149.137.49.149,172.20.10.10,182,34 dBm,34,,,,,,34,34
885,29.58124,149.137.49.149,172.20.10.10,182,33 dBm,33,,,,,,33,33
886,29.6725617,149.137.49.149,172.20.10.10,182,31 dBm,31,,,,,,31,31
888,29.7648701,149.137.49.149,172.20.10.10,182,31 dBm,31,,,,,,31,31
889,29.7911516,149.137.49.149,172.20.10.10,158,32 dBm,32,,,,,,32,32
890,29.8761365,149.137.49.149,172.20.10.10,182,33 dBm,33,,,,,,33,33
891,29.9782032,149.137.49.149,172.20.10.10,182,35 dBm,35,,,,,,35,35
893,30.070231,149.137.49.149,172.20.10.10,182,35 dBm,35,,,,,,35,35
895,30.1252082,1.1.1.1,172.20.10.10,126,34 dBm,34,,,,,,34,34
896,30.1721571,149.137.49.149,172.20.10.10,182,30 dBm,30,,,,,,30,30
897,30.2723758,149.137.49.149,172.20.10.10,182,31 dBm,31,,,,,,31,31
900,30.3665197,149.137.49.149,172.20.10.10,182,32 dBm,32,,,,,,32,32
902,30.4782364,149.137.49.149,172.20.10.10,182,31 dBm,31,,,,,,31,31
903,30.4782364,149.137.49.149,172.20.10.10,179,31 dBm,31,,,,,,31,31
904,30.5871193,149.137.49.149,172.20.10.10,182,30 dBm,30,,,,,,30,30
905,30.6784084,149.137.49.149,172.20.10.10,182,30 dBm,30,,,,,,30,30
907,30.782328,149.137.49.149,172.20.10.10,182,27 dBm,27,,,,,,27,27
908,30.8033379,149.137.49.149,172.20.10.10,158,28 dBm,28,,,,,,28,28
909,30.8703428,149.137.49.149,172.20.10.10,182,31 dBm,31,,,,,,31,31
910,30.9662701,149.137.49.149,172.20.10.10,182,32 dBm,32,,,,,,32,32
911,31.0772578,149.137.49.149,172.20.10.10,182,29 dBm,29,,,,,,29,29
916,31.1348996,1.1.1.1,172.20.10.10,126,31 dBm,31,,,,,,31,31
917,31.1700578,149.137.49.149,172.20.10.10,182,32 dBm,32,,,,,,32,32
918,31.2800796,149.137.49.149,172.20.10.10,182,30 dBm,30,,,,,,30,30
919,31.3896226,149.137.49.149,172.20.10.10,182,34 dBm,34,,,,,,34,34
922,31.4712345,149.137.49.149,172.20.10.10,175,33 dBm,33,,,,,,33,33
923,31.4712345,149.137.49.149,172.20.10.10,182,33 dBm,33,,,,,,33,33
925,31.4860364,149.137.49.149,172.20.10.10,175,33 dBm,33,,,,,,33,33
927,31.5666717,149.137.49.149,172.20.10.10,182,29 dBm,29,,,,,,29,29
928,31.6767536,149.137.49.149,172.20.10.10,182,31 dBm,31,,,,,,31,31
930,31.7289443,149.137.49.149,172.20.10.10,175,31 dBm,31,,,,,,31,31
932,31.7349001,149.137.49.149,172.20.10.10,175,30 dBm,30,,,,,,30,30
933,31.7701643,149.137.49.149,172.20.10.10,182,31 dBm,31,,,,,,31,31
935,31.8241587,149.137.49.149,172.20.10.10,158,34 dBm,34,,,,,,34,34
937,31.8616284,149.137.49.149,172.20.10.10,175,31 dBm,31,,,,,,31,31
939,31.8645161,149.137.49.149,172.20.10.10,175,31 dBm,31,,,,,,31,31
940,31.8711235,149.137.49.149,172.20.10.10,182,31 dBm,31,,,,,,31,31
941,31.982442,149.137.49.149,172.20.10.10,182,30 dBm,30,,,,,,30,30
942,32.072152,149.137.49.149,172.20.10.10,182,31 dBm,31,,,,,,31,31
945,32.1442913,1.1.1.1,172.20.10.10,126,32 dBm,32,,,,,,32,32
946,32.1453543,149.137.49.149,172.20.10.10,151,31 dBm,31,,,,,,31,31
949,32.1638234,149.137.49.149,172.20.10.10,106,29 dBm,29,,,,,,29,29
950,32.1655519,149.137.49.149,172.20.10.10,182,29 dBm,29,,,,,,29,29
951,32.1690709,149.137.49.149,172.20.10.10,106,30 dBm,30,,,,,,30,30
952,32.1699797,149.137.49.149,172.20.10.10,151,30 dBm,30,,,,,,30,30
954,32.2682366,149.137.49.149,172.20.10.10,182,30 dBm,30,,,,,,30,30
955,32.3692837,149.137.49.149,172.20.10.10,182,30 dBm,30,,,,,,30,30
956,32.4789843,149.137.49.149,172.20.10.10,182,28 dBm,28,,,,,,28,28
958,32.5763015,149.137.49.149,172.20.10.10,182,28 dBm,28,,,,,,28,28
959,32.6734264,149.137.49.149,172.20.10.10,182,30 dBm,30,,,,,,30,30
961,32.7745378,149.137.49.149,172.20.10.10,182,28 dBm,28,,,,,,28,28
962,32.8487938,149.137.49.149,172.20.10.10,158,30 dBm,30,,,,,,30,30
963,32.8681386,149.137.49.149,172.20.10.10,182,30 dBm,30,,,,,,30,30
965,32.9952516,149.137.49.149,172.20.10.10,182,29 dBm,29,,,,,,29,29
966,33.0809597,149.137.49.149,172.20.10.10,182,27 dBm,27,,,,,,27,27
968,33.1496676,1.1.1.1,172.20.10.10,126,31 dBm,31,,,,,,31,31
969,33.1732482,149.137.49.149,172.20.10.10,182,32 dBm,32,,,,,,32,32
971,33.2681352,149.137.49.149,172.20.10.10,182,31 dBm,31,,,,,,31,31
972,33.3664436,149.137.49.149,172.20.10.10,182,31 dBm,31,,,,,,31,31
973,33.4766257,149.137.49.149,172.20.10.10,182,30 dBm,30,,,,,,30,30
975,33.5802579,149.137.49.149,172.20.10.10,182,29 dBm,29,,,,,,29,29
978,33.6765388,149.137.49.149,172.20.10.10,182,28 dBm,28,,,,,,28,28
985,33.7644546,149.137.49.149,172.20.10.10,182,28 dBm,28,,,,,,28,28
986,33.8709288,149.137.49.149,172.20.10.10,158,30 dBm,30,,,,,,30,30
987,33.8709288,149.137.49.149,172.20.10.10,182,30 dBm,30,,,,,,30,30
989,33.9856433,149.137.49.149,172.20.10.10,182,36 dBm,36,,,,,,36,36
990,34.0780231,149.137.49.149,172.20.10.10,182,31 dBm,31,,,,,,31,31
992,34.1598802,1.1.1.1,172.20.10.10,126,34 dBm,34,,,,,,34,34
993,34.1711702,149.137.49.149,172.20.10.10,182,33 dBm,33,,,,,,33,33
995,34.2824967,149.137.49.149,172.20.10.10,182,30 dBm,30,,,,,,30,30
997,34.2993477,10.4.79.210,172.20.10.10,162,32 dBm,32,,,,,,32,32
998,34.366959,149.137.49.149,172.20.10.10,182,26 dBm,26,,,,,,26,26
999,34.4743491,149.137.49.149,172.20.10.10,182,28 dBm,28,,,,,,28,28
1004,34.5687933,149.137.49.149,172.20.10.10,182,31 dBm,31,,,,,,31,31
1005,34.6784925,149.137.49.149,172.20.10.10,182,30 dBm,30,,,,,,30,30
1006,34.7796124,149.137.49.149,172.20.10.10,182,32 dBm,32,,,,,,32,32
1009,34.8342445,10.4.79.210,172.20.10.10,162,31 dBm,31,,,,,,31,31
1010,34.8738003,149.137.49.149,172.20.10.10,182,31 dBm,31,,,,,,31,31
1011,34.8837074,149.137.49.149,172.20.10.10,158,31 dBm,31,,,,,,31,31
1014,34.9644271,149.137.49.149,172.20.10.10,182,31 dBm,31,,,,,,31,31
1015,35.0753809,149.137.49.149,172.20.10.10,182,25 dBm,25,,,,,,25,25
1017,35.1677851,149.137.49.149,172.20.10.10,182,29 dBm,29,,,,,,29,29
1019,35.1753671,1.1.1.1,172.20.10.10,126,27 dBm,27,,,,,,27,27
1021,35.2187388,149.137.49.149,172.20.10.10,175,23 dBm,23,,,,,,23,23
1023,35.2218249,149.137.49.149,172.20.10.10,175,25 dBm,25,,,,,,25,25
1024,35.2692271,149.137.49.149,172.20.10.10,182,25 dBm,25,,,,,,25,25
1025,35.3850313,149.137.49.149,172.20.10.10,182,29 dBm,29,,,,,,29,29
1028,35.4738294,149.137.49.149,172.20.10.10,182,28 dBm,28,,,,,,28,28
1030,35.4756838,149.137.49.149,172.20.10.10,175,27 dBm,27,,,,,,27,27
1031,35.4825015,149.137.49.149,172.20.10.10,175,30 dBm,30,,,,,,30,30
1033,35.5725618,149.137.49.149,172.20.10.10,182,33 dBm,33,,,,,,33,33
1034,35.5725618,149.137.49.149,172.20.10.10,179,33 dBm,33,,,,,,33,33
1036,35.6041871,149.137.49.149,172.20.10.10,175,29 dBm,29,,,,,,29,29
1038,35.6150273,149.137.49.149,172.20.10.10,175,31 dBm,31,,,,,,31,31
1039,35.6651221,149.137.49.149,172.20.10.10,182,28 dBm,28,,,,,,28,28
1040,35.7667352,149.137.49.149,172.20.10.10,182,28 dBm,28,,,,,,28,28
1041,35.8772224,149.137.49.149,172.20.10.10,182,28 dBm,28,,,,,,28,28
1044,35.8985155,149.137.49.149,172.20.10.10,151,31 dBm,31,,,,,,31,31
1046,35.9019187,149.137.49.149,172.20.10.10,158,31 dBm,31,,,,,,31,31
1047,35.9041705,149.137.49.149,172.20.10.10,151,30 dBm,30,,,,,,30,30
1049,35.9542515,149.137.49.149,172.20.10.10,106,27 dBm,27,,,,,,27,27
1050,35.9708109,149.137.49.149,172.20.10.10,182,27 dBm,27,,,,,,27,27
1051,36.0793887,149.137.49.149,172.20.10.10,182,29 dBm,29,,,,,,29,29
1052,36.1626767,149.137.49.149,172.20.10.10,182,29 dBm,29,,,,,,29,29
1054,36.1894396,1.1.1.1,172.20.10.10,126,30 dBm,30,,,,,,30,30
1055,36.2687106,149.137.49.149,172.20.10.10,182,26 dBm,26,,,,,,26,26
1059,36.3742048,149.137.49.149,172.20.10.10,182,27 dBm,27,,,,,,27,27
1060,36.4763918,149.137.49.149,172.20.10.10,182,26 dBm,26,,,,,,26,26
1061,36.574856,149.137.49.149,172.20.10.10,182,25 dBm,25,,,,,,25,25
1063,36.6794181,149.137.49.149,172.20.10.10,182,24 dBm,24,,,,,,24,24
1064,36.7943592,149.137.49.149,172.20.10.10,182,27 dBm,27,,,,,,27,27
1065,36.8719968,149.137.49.149,172.20.10.10,182,28 dBm,28,,,,,,28,28
1066,36.9218838,149.137.49.149,172.20.10.10,158,28 dBm,28,,,,,,28,28
1067,36.9672505,149.137.49.149,172.20.10.10,182,31 dBm,31,,,,,,31,31
1069,37.0774867,149.137.49.149,172.20.10.10,182,22 dBm,22,,,,,,22,22
1070,37.1696002,149.137.49.149,172.20.10.10,182,26 dBm,26,,,,,,26,26
1073,37.2000329,1.1.1.1,172.20.10.10,126,27 dBm,27,,,,,,27,27
1074,37.2791908,149.137.49.149,172.20.10.10,182,25 dBm,25,,,,,,25,25
1076,37.3643633,149.137.49.149,172.20.10.10,182,25 dBm,25,,,,,,25,25
1077,37.4739485,149.137.49.149,172.20.10.10,182,25 dBm,25,,,,,,25,25
1078,37.5752092,149.137.49.149,172.20.10.10,182,26 dBm,26,,,,,,26,26
1079,37.6779024,149.137.49.149,172.20.10.10,182,23 dBm,23,,,,,,23,23
1081,37.7705671,149.137.49.149,172.20.10.10,182,25 dBm,25,,,,,,25,25
1082,37.8805652,149.137.49.149,172.20.10.10,182,22 dBm,22,,,,,,22,22
1083,37.9421066,149.137.49.149,172.20.10.10,158,27 dBm,27,,,,,,27,27
1084,37.9821172,149.137.49.149,172.20.10.10,182,26 dBm,26,,,,,,26,26
1086,38.0740925,149.137.49.149,172.20.10.10,182,28 dBm,28,,,,,,28,28
1087,38.1663804,149.137.49.149,172.20.10.10,182,24 dBm,24,,,,,,24,24
1089,38.2101989,1.1.1.1,172.20.10.10,126,24 dBm,24,,,,,,24,24
1090,38.2691779,149.137.49.149,172.20.10.10,182,26 dBm,26,,,,,,26,26
1092,38.3392508,149.137.49.149,172.20.10.10,106,26 dBm,26,,,,,,26,26
1093,38.3403444,149.137.49.149,172.20.10.10,192,26 dBm,26,,,,,,26,26
1095,38.3697992,149.137.49.149,172.20.10.10,182,25 dBm,25,,,,,,25,25
1097,38.416191,149.137.49.149,172.20.10.10,106,26 dBm,26,,,,,,26,26
1098,38.4851005,149.137.49.149,172.20.10.10,182,26 dBm,26,,,,,,26,26
1099,38.5759104,149.137.49.149,172.20.10.10,182,24 dBm,24,,,,,,24,24
1100,38.6642347,149.137.49.149,172.20.10.10,182,20 dBm,20,,,,,,20,20
1101,38.7750059,149.137.49.149,172.20.10.10,182,22 dBm,22,,,,,,22,22
1103,38.8772006,149.137.49.149,172.20.10.10,182,23 dBm,23,,,,,,23,23
1105,38.9701938,149.137.49.149,172.20.10.10,158,24 dBm,24,,,,,,24,24
1106,38.9701938,149.137.49.149,172.20.10.10,175,24 dBm,24,,,,,,24,24
1108,38.9713744,149.137.49.149,172.20.10.10,182,23 dBm,23,,,,,,23,23
1109,38.9713744,149.137.49.149,172.20.10.10,175,23 dBm,23,,,,,,23,23
1110,39.0787792,149.137.49.149,172.20.10.10,182,24 dBm,24,,,,,,24,24
1112,39.1719017,149.137.49.149,172.20.10.10,182,24 dBm,24,,,,,,24,24
1115,39.2246723,1.1.1.1,172.20.10.10,126,23 dBm,23,,,,,,23,23
1116,39.230004,149.137.49.149,172.20.10.10,175,24 dBm,24,,,,,,24,24
1117,39.2329033,149.137.49.149,172.20.10.10,175,24 dBm,24,,,,,,24,24
1119,39.2641871,149.137.49.149,172.20.10.10,182,23 dBm,23,,,,,,23,23
1121,39.3553133,149.137.49.149,172.20.10.10,175,24 dBm,24,,,,,,24,24
1123,39.3598664,149.137.49.149,172.20.10.10,175,23 dBm,23,,,,,,23,23
1124,39.3649474,149.137.49.149,172.20.10.10,182,23 dBm,23,,,,,,23,23
1125,39.5374995,149.137.49.149,172.20.10.10,182,24 dBm,24,,,,,,24,24
1126,39.5374995,149.137.49.149,172.20.10.10,172,24 dBm,24,,,,,,24,24
1129,39.569238,149.137.49.149,172.20.10.10,182,24 dBm,24,,,,,,24,24
1130,39.5702766,149.137.49.149,172.20.10.10,106,24 dBm,24,,,,,,24,24
1134,39.6535211,149.137.49.149,172.20.10.10,151,24 dBm,24,,,,,,24,24
1136,39.6688362,149.137.49.149,172.20.10.10,106,26 dBm,26,,,,,,26,26
1137,39.6697619,149.137.49.149,172.20.10.10,151,26 dBm,26,,,,,,26,26
1138,39.6717021,149.137.49.149,172.20.10.10,182,26 dBm,26,,,,,,26,26
1145,39.7223541,149.137.49.149,172.20.10.10,106,26 dBm,26,,,,,,26,26
1146,39.7723058,149.137.49.149,172.20.10.10,182,24 dBm,24,,,,,,24,24
1155,39.8647285,149.137.49.149,172.20.10.10,182,21 dBm,21,,,,,,21,21
1181,39.9655545,149.137.49.149,172.20.10.10,182,25 dBm,25,,,,,,25,25
1182,39.9820258,149.137.49.149,172.20.10.10,158,25 dBm,25,,,,,,25,25
1183,40.064931,170.114.15.69,172.20.10.10,106,26 dBm,26,,,,,,26,26
1188,40.0731303,149.137.49.149,172.20.10.10,182,27 dBm,27,,,,,,27,27
1192,40.1690225,149.137.49.149,172.20.10.10,182,28 dBm,28,,,,,,28,28
1195,40.2301291,1.1.1.1,172.20.10.10,126,26 dBm,26,,,,,,26,26
1203,40.2710955,149.137.49.149,172.20.10.10,182,26 dBm,26,,,,,,26,26
1207,40.3746121,149.137.49.149,172.20.10.10,182,23 dBm,23,,,,,,23,23
1211,40.4640179,149.137.49.149,172.20.10.10,182,23 dBm,23,,,,,,23,23
1214,40.5664168,149.137.49.149,172.20.10.10,182,22 dBm,22,,,,,,22,22
1217,40.6740184,149.137.49.149,172.20.10.10,179,21 dBm,21,,,,,,21,21
1218,40.6740184,149.137.49.149,172.20.10.10,182,21 dBm,21,,,,,,21,21
1219,40.7789839,149.137.49.149,172.20.10.10,182,28 dBm,28,,,,,,28,28
1220,40.8866809,149.137.49.149,172.20.10.10,182,26 dBm,26,,,,,,26,26
1222,40.9747766,149.137.49.149,172.20.10.10,182,27 dBm,27,,,,,,27,27
1223,41.0021081,149.137.49.149,172.20.10.10,158,27 dBm,27,,,,,,27,27
1224,41.0970738,149.137.49.149,172.20.10.10,182,26 dBm,26,,,,,,26,26
1226,41.1651982,149.137.49.149,172.20.10.10,182,24 dBm,24,,,,,,24,24
1228,41.2627796,1.1.1.1,172.20.10.10,126,26 dBm,26,,,,,,26,26
1229,41.2665712,149.137.49.149,172.20.10.10,182,26 dBm,26,,,,,,26,26
1231,41.3784145,149.137.49.149,172.20.10.10,182,23 dBm,23,,,,,,23,23
1232,41.3784145,170.114.15.129,172.20.10.10,106,23 dBm,23,,,,,,23,23
1233,41.477574,149.137.49.149,172.20.10.10,182,23 dBm,23,,,,,,23,23
1234,41.5811495,149.137.49.149,172.20.10.10,182,24 dBm,24,,,,,,24,24
1236,41.6884467,149.137.49.149,172.20.10.10,182,26 dBm,26,,,,,,26,26
1239,41.7651411,149.137.49.149,172.20.10.10,182,27 dBm,27,,,,,,27,27
1242,41.8750923,149.137.49.149,172.20.10.10,182,28 dBm,28,,,,,,28,28
1245,41.9692169,149.137.49.149,172.20.10.10,182,26 dBm,26,,,,,,26,26
1248,42.0219871,149.137.49.149,172.20.10.10,158,23 dBm,23,,,,,,23,23
1249,42.0706875,149.137.49.149,172.20.10.10,182,23 dBm,23,,,,,,23,23
1250,42.1718262,149.137.49.149,172.20.10.10,182,23 dBm,23,,,,,,23,23
1252,42.255566,1.1.1.1,172.20.10.10,126,24 dBm,24,,,,,,24,24
1253,42.2640424,149.137.49.149,172.20.10.10,182,24 dBm,24,,,,,,24,24
1256,42.3660167,149.137.49.149,172.20.10.10,182,26 dBm,26,,,,,,26,26
1258,42.4767874,149.137.49.149,172.20.10.10,182,23 dBm,23,,,,,,23,23
1259,42.5738842,149.137.49.149,172.20.10.10,182,25 dBm,25,,,,,,25,25
1261,42.6801085,149.137.49.149,172.20.10.10,182,26 dBm,26,,,,,,26,26
1264,42.7212908,149.137.49.149,172.20.10.10,175,25 dBm,25,,,,,,25,25
1265,42.7235813,149.137.49.149,172.20.10.10,175,25 dBm,25,,,,,,25,25
1267,42.7731138,149.137.49.149,172.20.10.10,182,23 dBm,23,,,,,,23,23
1269,42.8651143,149.137.49.149,172.20.10.10,182,28 dBm,28,,,,,,28,28
1271,42.9668525,149.137.49.149,172.20.10.10,182,23 dBm,23,,,,,,23,23
1272,42.9779998,149.137.49.149,172.20.10.10,175,26 dBm,26,,,,,,26,26
1274,42.9799575,149.137.49.149,172.20.10.10,175,26 dBm,26,,,,,,26,26
1275,43.0477161,149.137.49.149,172.20.10.10,158,26 dBm,26,,,,,,26,26
1276,43.0690942,149.137.49.149,172.20.10.10,182,27 dBm,27,,,,,,27,27
1279,43.1100536,149.137.49.149,172.20.10.10,175,27 dBm,27,,,,,,27,27
1281,43.1115531,149.137.49.149,172.20.10.10,175,27 dBm,27,,,,,,27,27
1282,43.1701579,149.137.49.149,172.20.10.10,182,29 dBm,29,,,,,,29,29
1284,43.2717116,1.1.1.1,172.20.10.10,126,33 dBm,33,,,,,,33,33
1285,43.2725571,149.137.49.149,172.20.10.10,182,33 dBm,33,,,,,,33,33
1287,43.3627969,149.137.49.149,172.20.10.10,182,27 dBm,27,,,,,,27,27
1288,43.3820463,149.137.49.149,172.20.10.10,106,27 dBm,27,,,,,,27,27
1289,43.3856671,149.137.49.149,172.20.10.10,156,27 dBm,27,,,,,,27,27
1291,43.3935659,149.137.49.149,172.20.10.10,151,27 dBm,27,,,,,,27,27
1293,43.4041037,149.137.49.149,172.20.10.10,151,28 dBm,28,,,,,,28,28
1295,43.4496537,149.137.49.149,172.20.10.10,106,28 dBm,28,,,,,,28,28
1296,43.4653256,149.137.49.149,172.20.10.10,182,27 dBm,27,,,,,,27,27
1298,43.5747254,149.137.49.149,172.20.10.10,182,24 dBm,24,,,,,,24,24
1299,43.676628,149.137.49.149,172.20.10.10,182,28 dBm,28,,,,,,28,28
1300,43.7753831,149.137.49.149,172.20.10.10,182,26 dBm,26,,,,,,26,26
1302,43.8810185,149.137.49.149,172.20.10.10,182,26 dBm,26,,,,,,26,26
1303,43.9724941,149.137.49.149,172.20.10.10,182,27 dBm,27,,,,,,27,27
1304,44.0703477,149.137.49.149,172.20.10.10,158,26 dBm,26,,,,,,26,26
1305,44.0703477,149.137.49.149,172.20.10.10,182,26 dBm,26,,,,,,26,26
1306,44.1668627,149.137.49.149,172.20.10.10,182,27 dBm,27,,,,,,27,27
1309,44.268733,149.137.49.149,172.20.10.10,182,29 dBm,29,,,,,,29,29
1310,44.2799818,1.1.1.1,172.20.10.10,126,29 dBm,29,,,,,,29,29
1312,44.3709528,149.137.49.149,172.20.10.10,182,29 dBm,29,,,,,,29,29
1314,44.4815523,149.137.49.149,172.20.10.10,182,28 dBm,28,,,,,,28,28
1316,44.5640963,149.137.49.149,172.20.10.10,182,25 dBm,25,,,,,,25,25
1317,44.6747512,149.137.49.149,172.20.10.10,182,30 dBm,30,,,,,,30,30
1320,44.7770798,149.137.49.149,172.20.10.10,182,26 dBm,26,,,,,,26,26
1321,44.8784466,149.137.49.149,172.20.10.10,182,28 dBm,28,,,,,,28,28
1323,44.9754238,149.137.49.149,172.20.10.10,182,29 dBm,29,,,,,,29,29
1324,45.0720142,149.137.49.149,172.20.10.10,182,31 dBm,31,,,,,,31,31
1325,45.0819226,149.137.49.149,172.20.10.10,158,31 dBm,31,,,,,,31,31
1326,45.1718901,149.137.49.149,172.20.10.10,182,31 dBm,31,,,,,,31,31
1327,45.2683256,149.137.49.149,172.20.10.10,182,28 dBm,28,,,,,,28,28
1330,45.2929152,1.1.1.1,172.20.10.10,126,30 dBm,30,,,,,,30,30
1332,45.3666328,149.137.49.149,172.20.10.10,182,31 dBm,31,,,,,,31,31
1335,45.4783686,149.137.49.149,172.20.10.10,182,29 dBm,29,,,,,,29,29
1336,45.588313,149.137.49.149,172.20.10.10,182,27 dBm,27,,,,,,27,27
1338,45.6819657,149.137.49.149,172.20.10.10,182,28 dBm,28,,,,,,28,28
1339,45.7645149,149.137.49.149,172.20.10.10,179,25 dBm,25,,,,,,25,25
1340,45.7660499,149.137.49.149,172.20.10.10,182,25 dBm,25,,,,,,25,25
1341,45.86706,149.137.49.149,172.20.10.10,182,26 dBm,26,,,,,,26,26
1342,45.9852747,149.137.49.149,172.20.10.10,182,29 dBm,29,,,,,,29,29
1344,46.0781898,149.137.49.149,172.20.10.10,182,29 dBm,29,,,,,,29,29
1345,46.1100106,149.137.49.149,172.20.10.10,158,29 dBm,29,,,,,,29,29
1346,46.1777852,149.137.49.149,172.20.10.10,182,30 dBm,30,,,,,,30,30
1347,46.2821058,149.137.49.149,172.20.10.10,182,28 dBm,28,,,,,,28,28
1349,46.3049311,1.1.1.1,172.20.10.10,126,27 dBm,27,,,,,,27,27
1350,46.3636006,149.137.49.149,172.20.10.10,182,31 dBm,31,,,,,,31,31
1353,46.4672723,149.137.49.149,172.20.10.10,175,26 dBm,26,,,,,,26,26
1355,46.4684052,149.137.49.149,172.20.10.10,182,26 dBm,26,,,,,,26,26
1356,46.4863562,149.137.49.149,172.20.10.10,175,26 dBm,26,,,,,,26,26
1357,46.5707885,149.137.49.149,172.20.10.10,182,30 dBm,30,,,,,,30,30
1358,46.6808109,149.137.49.149,172.20.10.10,182,30 dBm,30,,,,,,30,30
1361,46.7269539,149.137.49.149,172.20.10.10,175,30 dBm,30,,,,,,30,30
1363,46.7290393,149.137.49.149,172.20.10.10,175,31 dBm,31,,,,,,31,31
1364,46.7671273,149.137.49.149,172.20.10.10,182,29 dBm,29,,,,,,29,29
1366,46.860132,149.137.49.149,172.20.10.10,175,32 dBm,32,,,,,,32,32
1367,46.8616302,149.137.49.149,172.20.10.10,175,32 dBm,32,,,,,,32,32
1369,46.8709857,149.137.49.149,172.20.10.10,182,33 dBm,33,,,,,,33,33
1370,46.9639783,149.137.49.149,172.20.10.10,182,32 dBm,32,,,,,,32,32
1371,47.0765855,149.137.49.149,172.20.10.10,182,33 dBm,33,,,,,,33,33
1373,47.1218948,149.137.49.149,172.20.10.10,158,31 dBm,31,,,,,,31,31
1375,47.1498559,149.137.49.149,172.20.10.10,151,28 dBm,28,,,,,,28,28
1377,47.1588151,149.137.49.149,172.20.10.10,106,29 dBm,29,,,,,,29,29
1378,47.1588151,149.137.49.149,172.20.10.10,151,29 dBm,29,,,,,,29,29
1380,47.1711886,149.137.49.149,172.20.10.10,182,28 dBm,28,,,,,,28,28
1382,47.2088321,149.137.49.149,172.20.10.10,106,27 dBm,27,,,,,,27,27
1383,47.2650247,149.137.49.149,172.20.10.10,182,28 dBm,28,,,,,,28,28
1385,47.3149108,1.1.1.1,172.20.10.10,126,30 dBm,30,,,,,,30,30
1386,47.3677447,149.137.49.149,172.20.10.10,182,31 dBm,31,,,,,,31,31
1388,47.4720182,149.137.49.149,172.20.10.10,182,30 dBm,30,,,,,,30,30
1390,47.5722686,149.137.49.149,172.20.10.10,182,29 dBm,29,,,,,,29,29
1391,47.6768341,149.137.49.149,172.20.10.10,182,32 dBm,32,,,,,,32,32
1392,47.7875754,149.137.49.149,172.20.10.10,182,32 dBm,32,,,,,,32,32
1394,47.8713201,149.137.49.149,172.20.10.10,182,31 dBm,31,,,,,,31,31
1395,47.9768913,149.137.49.149,172.20.10.10,182,34 dBm,34,,,,,,34,34
1396,48.0807187,149.137.49.149,172.20.10.10,182,31 dBm,31,,,,,,31,31
1397,48.1418218,149.137.49.149,172.20.10.10,158,31 dBm,31,,,,,,31,31
1398,48.1640721,149.137.49.149,172.20.10.10,182,30 dBm,30,,,,,,30,30
1400,48.2661299,149.137.49.149,172.20.10.10,182,31 dBm,31,,,,,,31,31
1402,48.3301186,1.1.1.1,172.20.10.10,126,31 dBm,31,,,,,,31,31
1403,48.3688708,149.137.49.149,172.20.10.10,182,31 dBm,31,,,,,,31,31
1404,48.477958,149.137.49.149,172.20.10.10,182,31 dBm,31,,,,,,31,31
1406,48.5747645,149.137.49.149,172.20.10.10,182,31 dBm,31,,,,,,31,31
1407,48.6824507,149.137.49.149,172.20.10.10,182,32 dBm,32,,,,,,32,32
1408,48.7730513,149.137.49.149,172.20.10.10,182,32 dBm,32,,,,,,32,32
1409,48.8987678,149.137.49.149,172.20.10.10,182,31 dBm,31,,,,,,31,31
1413,48.9681248,149.137.49.149,172.20.10.10,182,25 dBm,25,,,,,,25,25
1414,49.0841823,149.137.49.149,172.20.10.10,182,34 dBm,34,,,,,,34,34
1415,49.1701545,149.137.49.149,172.20.10.10,158,33 dBm,33,,,,,,33,33
1416,49.1711929,149.137.49.149,172.20.10.10,182,33 dBm,33,,,,,,33,33
1417,49.2797205,149.137.49.149,172.20.10.10,182,34 dBm,34,,,,,,34,34
1420,49.3398609,1.1.1.1,172.20.10.10,126,33 dBm,33,,,,,,33,33
1421,49.3640306,149.137.49.149,172.20.10.10,182,32 dBm,32,,,,,,32,32
1422,49.4730752,149.137.49.149,172.20.10.10,182,30 dBm,30,,,,,,30,30
1423,49.5198289,149.137.49.149,172.20.10.10,172,30 dBm,30,,,,,,30,30
1425,49.5383739,149.137.49.149,172.20.10.10,106,31 dBm,31,,,,,,31,31
1426,49.5667916,149.137.49.149,172.20.10.10,182,32 dBm,32,,,,,,32,32
1427,49.6772035,149.137.49.149,172.20.10.10,182,30 dBm,30,,,,,,30,30
1429,49.7701204,149.137.49.149,172.20.10.10,182,29 dBm,29,,,,,,29,29
1430,49.8811676,149.137.49.149,172.20.10.10,182,28 dBm,28,,,,,,28,28
1431,49.9810046,149.137.49.149,172.20.10.10,182,28 dBm,28,,,,,,28,28
1433,50.0726846,149.137.49.149,172.20.10.10,182,30 dBm,30,,,,,,30,30
1434,50.1660414,149.137.49.149,172.20.10.10,182,30 dBm,30,,,,,,30,30
1435,50.1907288,149.137.49.149,172.20.10.10,158,31 dBm,31,,,,,,31,31
1437,50.2179224,149.137.49.149,172.20.10.10,175,30 dBm,30,,,,,,30,30
1439,50.2213834,149.137.49.149,172.20.10.10,175,31 dBm,31,,,,,,31,31
1440,50.267975,149.137.49.149,172.20.10.10,182,30 dBm,30,,,,,,30,30
1442,50.3500019,1.1.1.1,172.20.10.10,126,31 dBm,31,,,,,,31,31
1443,50.3699927,149.137.49.149,172.20.10.10,182,31 dBm,31,,,,,,31,31
1446,50.4743847,149.137.49.149,172.20.10.10,182,30 dBm,30,,,,,,30,30
1447,50.4804815,149.137.49.149,172.20.10.10,175,30 dBm,30,,,,,,30,30
1449,50.4890554,149.137.49.149,172.20.10.10,175,30 dBm,30,,,,,,30,30
1450,50.5752873,149.137.49.149,172.20.10.10,182,30 dBm,30,,,,,,30,30
1452,50.6028666,149.137.49.149,172.20.10.10,175,30 dBm,30,,,,,,30,30
1454,50.6048491,149.137.49.149,172.20.10.10,175,30 dBm,30,,,,,,30,30
1455,50.6648173,149.137.49.149,172.20.10.10,182,30 dBm,30,,,,,,30,30
1456,50.7727506,149.137.49.149,172.20.10.10,182,30 dBm,30,,,,,,30,30
1458,50.8758233,149.137.49.149,172.20.10.10,179,30 dBm,30,,,,,,30,30
1459,50.8758233,149.137.49.149,172.20.10.10,182,30 dBm,30,,,,,,30,30
1461,50.8979578,149.137.49.149,172.20.10.10,151,27 dBm,27,,,,,,27,27
1463,50.9038559,149.137.49.149,172.20.10.10,106,28 dBm,28,,,,,,28,28
1464,50.9054518,149.137.49.149,172.20.10.10,151,28 dBm,28,,,,,,28,28
1466,50.9558906,149.137.49.149,172.20.10.10,106,28 dBm,28,,,,,,28,28
1468,50.9699725,149.137.49.149,172.20.10.10,182,29 dBm,29,,,,,,29,29
1469,50.9736724,10.4.79.210,172.20.10.10,162,29 dBm,29,,,,,,29,29
1470,51.0790945,149.137.49.149,172.20.10.10,182,31 dBm,31,,,,,,31,31
1473,51.1491044,149.137.49.149,172.20.10.10,106,29 dBm,29,,,,,,29,29
1474,51.1494232,149.137.49.149,172.20.10.10,192,29 dBm,29,,,,,,29,29
1475,51.1728752,149.137.49.149,172.20.10.10,182,31 dBm,31,,,,,,31,31
1477,51.2017398,149.137.49.149,172.20.10.10,158,29 dBm,29,,,,,,29,29
1490,51.238792,149.137.49.149,172.20.10.10,106,30 dBm,30,,,,,,30,30
1493,51.2637195,149.137.49.149,172.20.10.10,182,29 dBm,29,,,,,,29,29
1496,51.3648964,1.1.1.1,172.20.10.10,126,32 dBm,32,,,,,,32,32
1497,51.366794,149.137.49.149,172.20.10.10,182,32 dBm,32,,,,,,32,32
1503,51.4676707,149.137.49.149,172.20.10.10,182,30 dBm,30,,,,,,30,30
1506,51.5038606,10.4.79.210,172.20.10.10,162,32 dBm,32,,,,,,32,32
1510,51.5694443,149.137.49.149,172.20.10.10,182,28 dBm,28,,,,,,28,28
1512,51.6778686,149.137.49.149,172.20.10.10,182,27 dBm,27,,,,,,27,27
1513,51.7767055,149.137.49.149,172.20.10.10,182,28 dBm,28,,,,,,28,28
1514,51.7767055,3.235.96.63,172.20.10.10,118,28 dBm,28,,,,,,28,28
1516,51.871926,149.137.49.149,172.20.10.10,182,27 dBm,27,,,,,,27,27
1523,51.9659485,149.137.49.149,172.20.10.10,182,28 dBm,28,,,,,,28,28
1528,52.0678188,149.137.49.149,172.20.10.10,182,29 dBm,29,,,,,,29,29
1535,52.1688401,149.137.49.149,172.20.10.10,182,29 dBm,29,,,,,,29,29
1538,52.2207483,149.137.49.149,172.20.10.10,158,30 dBm,30,,,,,,30,30
1539,52.2707719,149.137.49.149,172.20.10.10,182,29 dBm,29,,,,,,29,29
1543,52.3755089,149.137.49.149,172.20.10.10,182,28 dBm,28,,,,,,28,28
1544,52.3798046,1.1.1.1,172.20.10.10,126,28 dBm,28,,,,,,28,28
1546,52.4639576,149.137.49.149,172.20.10.10,182,30 dBm,30,,,,,,30,30
1548,52.5657772,149.137.49.149,172.20.10.10,182,34 dBm,34,,,,,,34,34
1550,52.674835,149.137.49.149,172.20.10.10,182,33 dBm,33,,,,,,33,33
1554,52.7689727,149.137.49.149,172.20.10.10,182,30 dBm,30,,,,,,30,30
1555,52.7844652,3.235.96.63,172.20.10.10,118,30 dBm,30,,,,,,30,30
1557,52.8699491,149.137.49.149,172.20.10.10,182,30 dBm,30,,,,,,30,30
1559,52.9744924,149.137.49.149,172.20.10.10,182,32 dBm,32,,,,,,32,32
1560,53.0659676,170.114.15.129,172.20.10.10,106,32 dBm,32,,,,,,32,32
1561,53.0659676,170.114.15.129,172.20.10.10,392,32 dBm,32,,,,,,32,32
1562,53.0659676,149.137.49.149,172.20.10.10,182,32 dBm,32,,,,,,32,32
1564,53.1649498,149.137.49.149,172.20.10.10,182,31 dBm,31,,,,,,31,31
1565,53.2588265,149.137.49.149,172.20.10.10,158,29 dBm,29,,,,,,29,29
1566,53.2678161,149.137.49.149,172.20.10.10,182,30 dBm,30,,,,,,30,30
1568,53.3689546,149.137.49.149,172.20.10.10,182,27 dBm,27,,,,,,27,27
1570,53.3892628,1.1.1.1,172.20.10.10,126,27 dBm,27,,,,,,27,27
1571,53.4775954,149.137.49.149,172.20.10.10,182,27 dBm,27,,,,,,27,27
1572,53.5809398,149.137.49.149,172.20.10.10,182,26 dBm,26,,,,,,26,26
1574,53.673105,149.137.49.149,172.20.10.10,182,28 dBm,28,,,,,,28,28
1575,53.7646624,149.137.49.149,172.20.10.10,182,27 dBm,27,,,,,,27,27
1576,53.8839915,149.137.49.149,172.20.10.10,182,26 dBm,26,,,,,,26,26
1579,53.9695842,149.137.49.149,172.20.10.10,175,28 dBm,28,,,,,,28,28
1580,53.9697942,149.137.49.149,172.20.10.10,182,27 dBm,27,,,,,,27,27
1582,53.9802768,149.137.49.149,172.20.10.10,175,26 dBm,26,,,,,,26,26
1583,54.0788244,149.137.49.149,172.20.10.10,182,28 dBm,28,,,,,,28,28
1584,54.1888123,149.137.49.149,172.20.10.10,182,24 dBm,24,,,,,,24,24
1589,54.229912,149.137.49.149,172.20.10.10,175,26 dBm,26,,,,,,26,26
1590,54.2418017,149.137.49.149,172.20.10.10,175,27 dBm,27,,,,,,27,27
1592,54.2619823,149.137.49.149,172.20.10.10,158,27 dBm,27,,,,,,27,27
1593,54.2641594,149.137.49.149,172.20.10.10,182,27 dBm,27,,,,,,27,27
1595,54.3548167,149.137.49.149,172.20.10.10,175,26 dBm,26,,,,,,26,26
1597,54.3554881,149.137.49.149,172.20.10.10,175,26 dBm,26,,,,,,26,26
1598,54.3645968,149.137.49.149,172.20.10.10,182,26 dBm,26,,,,,,26,26
1600,54.4005013,1.1.1.1,172.20.10.10,126,29 dBm,29,,,,,,29,29
1601,54.4733626,149.137.49.149,172.20.10.10,182,27 dBm,27,,,,,,27,27
1602,54.5747149,149.137.49.149,172.20.10.10,182,29 dBm,29,,,,,,29,29
1605,54.6562323,149.137.49.149,172.20.10.10,151,28 dBm,28,,,,,,28,28
1607,54.6718867,149.137.49.149,172.20.10.10,182,28 dBm,28,,,,,,28,28
1608,54.6735789,149.137.49.149,172.20.10.10,106,28 dBm,28,,,,,,28,28
1609,54.6754415,149.137.49.149,172.20.10.10,151,28 dBm,28,,,,,,28,28
1613,54.7718607,149.137.49.149,172.20.10.10,182,27 dBm,27,,,,,,27,27
1614,54.8008428,3.235.96.63,172.20.10.10,118,27 dBm,27,,,,,,27,27
1616,54.862608,149.137.49.149,172.20.10.10,182,28 dBm,28,,,,,,28,28
1617,54.9645508,149.137.49.149,172.20.10.10,182,25 dBm,25,,,,,,25,25
1619,55.0510737,170.114.15.69,172.20.10.10,106,32 dBm,32,,,,,,32,32
1620,55.0576749,170.114.15.69,172.20.10.10,309,31 dBm,31,,,,,,31,31
1621,55.0665011,149.137.49.149,172.20.10.10,182,31 dBm,31,,,,,,31,31
1623,55.1679152,149.137.49.149,172.20.10.10,182,32 dBm,32,,,,,,32,32
1624,55.2769903,149.137.49.149,172.20.10.10,182,32 dBm,32,,,,,,32,32
1626,55.2817862,149.137.49.149,172.20.10.10,158,34 dBm,34,,,,,,34,34
1627,55.3789424,149.137.49.149,172.20.10.10,182,34 dBm,34,,,,,,34,34
1629,55.4097554,1.1.1.1,172.20.10.10,126,35 dBm,35,,,,,,35,35
1630,55.4761674,149.137.49.149,172.20.10.10,182,36 dBm,36,,,,,,36,36
1631,55.5733002,149.137.49.149,172.20.10.10,182,38 dBm,38,,,,,,38,38
1632,55.6659065,149.137.49.149,172.20.10.10,182,40 dBm,40,,,,,,40,40
1634,55.7665659,149.137.49.149,172.20.10.10,182,38 dBm,38,,,,,,38,38
1635,55.8694858,149.137.49.149,172.20.10.10,182,39 dBm,39,,,,,,39,39
1636,55.9716913,149.137.49.149,172.20.10.10,179,37 dBm,37,,,,,,37,37
1637,55.9716913,149.137.49.149,172.20.10.10,182,37 dBm,37,,,,,,37,37
1639,56.0725014,149.137.49.149,172.20.10.10,182,34 dBm,34,,,,,,34,34
1640,56.1649621,149.137.49.149,172.20.10.10,182,35 dBm,35,,,,,,35,35
1642,56.2446163,149.137.49.149,172.20.10.10,156,38 dBm,38,,,,,,38,38
1643,56.2653636,149.137.49.149,172.20.10.10,182,37 dBm,37,,,,,,37,37
1645,56.3017951,149.137.49.149,172.20.10.10,158,35 dBm,35,,,,,,35,35
1647,56.3667033,149.137.49.149,172.20.10.10,182,32 dBm,32,,,,,,32,32
1652,56.4197285,1.1.1.1,172.20.10.10,126,34 dBm,34,,,,,,34,34
1653,56.4684377,149.137.49.149,172.20.10.10,182,34 dBm,34,,,,,,34,34
1656,56.5744829,149.137.49.149,172.20.10.10,182,35 dBm,35,,,,,,35,35
1657,56.5843732,170.114.15.129,172.20.10.10,301,35 dBm,35,,,,,,35,35
1660,56.6717382,149.137.49.149,172.20.10.10,182,37 dBm,37,,,,,,37,37
1662,56.7708517,149.137.49.149,172.20.10.10,182,39 dBm,39,,,,,,39,39
1663,56.8727193,149.137.49.149,172.20.10.10,182,38 dBm,38,,,,,,38,38
1664,56.9666803,149.137.49.149,172.20.10.10,182,39 dBm,39,,,,,,39,39
1665,57.0746136,149.137.49.149,172.20.10.10,182,35 dBm,35,,,,,,35,35
1667,57.1791999,149.137.49.149,172.20.10.10,182,32 dBm,32,,,,,,32,32
1668,57.2713401,149.137.49.149,172.20.10.10,182,34 dBm,34,,,,,,34,34
1669,57.3215531,149.137.49.149,172.20.10.10,158,34 dBm,34,,,,,,34,34
1670,57.3638891,149.137.49.149,172.20.10.10,182,34 dBm,34,,,,,,34,34
1672,57.4250866,1.1.1.1,172.20.10.10,126,36 dBm,36,,,,,,36,36
1673,57.4644894,149.137.49.149,172.20.10.10,182,36 dBm,36,,,,,,36,36
1675,57.566813,149.137.49.149,172.20.10.10,182,31 dBm,31,,,,,,31,31
1678,57.6753417,149.137.49.149,172.20.10.10,182,32 dBm,32,,,,,,32,32
1680,57.7184817,149.137.49.149,172.20.10.10,175,33 dBm,33,,,,,,33,33
1682,57.7256413,149.137.49.149,172.20.10.10,175,33 dBm,33,,,,,,33,33
1683,57.7707645,149.137.49.149,172.20.10.10,182,30 dBm,30,,,,,,30,30
1685,57.8811951,149.137.49.149,172.20.10.10,182,27 dBm,27,,,,,,27,27
1688,57.9751732,149.137.49.149,172.20.10.10,182,26 dBm,26,,,,,,26,26
1689,57.9751732,149.137.49.149,172.20.10.10,175,26 dBm,26,,,,,,26,26
1691,57.9883991,149.137.49.149,172.20.10.10,175,26 dBm,26,,,,,,26,26
1692,58.072395,149.137.49.149,172.20.10.10,182,27 dBm,27,,,,,,27,27
1695,58.1058231,149.137.49.149,172.20.10.10,175,28 dBm,28,,,,,,28,28
1697,58.1146316,149.137.49.149,172.20.10.10,175,28 dBm,28,,,,,,28,28
1698,58.1668129,149.137.49.149,172.20.10.10,182,29 dBm,29,,,,,,29,29
1699,58.2760531,149.137.49.149,172.20.10.10,182,30 dBm,30,,,,,,30,30
1700,58.344356,149.137.49.149,172.20.10.10,158,29 dBm,29,,,,,,29,29
1701,58.3697926,149.137.49.149,172.20.10.10,182,26 dBm,26,,,,,,26,26
1703,58.3996864,149.137.49.149,172.20.10.10,151,27 dBm,27,,,,,,27,27
1705,58.409036,149.137.49.149,172.20.10.10,151,29 dBm,29,,,,,,29,29
1707,58.4347307,1.1.1.1,172.20.10.10,126,30 dBm,30,,,,,,30,30
1708,58.4582941,149.137.49.149,172.20.10.10,106,31 dBm,31,,,,,,31,31
1710,58.471743,149.137.49.149,172.20.10.10,182,31 dBm,31,,,,,,31,31
1712,58.5754448,149.137.49.149,172.20.10.10,182,36 dBm,36,,,,,,36,36
1713,58.6726637,149.137.49.149,172.20.10.10,182,37 dBm,37,,,,,,37,37
1714,58.7737899,149.137.49.149,172.20.10.10,182,35 dBm,35,,,,,,35,35
1716,58.876676,149.137.49.149,172.20.10.10,182,36 dBm,36,,,,,,36,36
1717,58.8963094,3.235.96.63,172.20.10.10,118,36 dBm,36,,,,,,36,36
1718,58.9747041,149.137.49.149,172.20.10.10,182,35 dBm,35,,,,,,35,35
1719,59.0774559,149.137.49.149,172.20.10.10,182,36 dBm,36,,,,,,36,36
1721,59.181216,149.137.49.149,172.20.10.10,182,35 dBm,35,,,,,,35,35
1722,59.2724538,149.137.49.149,172.20.10.10,182,36 dBm,36,,,,,,36,36
1723,59.3746084,149.137.49.149,172.20.10.10,158,33 dBm,33,,,,,,33,33
1724,59.3746084,149.137.49.149,172.20.10.10,182,33 dBm,33,,,,,,33,33
1726,59.4532022,1.1.1.1,172.20.10.10,126,33 dBm,33,,,,,,33,33
1727,59.4676936,149.137.49.149,172.20.10.10,182,31 dBm,31,,,,,,31,31
1729,59.5785633,149.137.49.149,172.20.10.10,182,35 dBm,35,,,,,,35,35
1730,59.5837161,149.137.49.149,172.20.10.10,172,35 dBm,35,,,,,,35,35
1732,59.6088288,149.137.49.149,172.20.10.10,106,37 dBm,37,,,,,,37,37
1733,59.6749328,149.137.49.149,172.20.10.10,182,36 dBm,36,,,,,,36,36
1734,59.7724397,149.137.49.149,172.20.10.10,182,37 dBm,37,,,,,,37,37
1736,59.8731642,149.137.49.149,172.20.10.10,182,36 dBm,36,,,,,,36,36
1737,59.9652782,149.137.49.149,172.20.10.10,182,36 dBm,36,,,,,,36,36
1738,60.0764369,149.137.49.149,172.20.10.10,182,38 dBm,38,,,,,,38,38
1740,60.1738675,149.137.49.149,172.20.10.10,182,38 dBm,38,,,,,,38,38
1741,60.2715731,149.137.49.149,172.20.10.10,182,37 dBm,37,,,,,,37,37
1742,60.3807264,149.137.49.149,172.20.10.10,182,39 dBm,39,,,,,,39,39
1744,60.3816529,149.137.49.149,172.20.10.10,158,39 dBm,39,,,,,,39,39
1746,60.4596928,1.1.1.1,172.20.10.10,126,37 dBm,37,,,,,,37,37
1747,60.4636218,149.137.49.149,172.20.10.10,182,39 dBm,39,,,,,,39,39
1748,60.5765382,149.137.49.149,172.20.10.10,182,39 dBm,39,,,,,,39,39
1749,60.6771516,149.137.49.149,172.20.10.10,182,40 dBm,40,,,,,,40,40
1750,60.778543,149.137.49.149,172.20.10.10,182,39 dBm,39,,,,,,39,39
1752,60.8795429,149.137.49.149,172.20.10.10,182,35 dBm,35,,,,,,35,35
1753,60.9763454,149.137.49.149,172.20.10.10,182,37 dBm,37,,,,,,37,37
1754,61.0727472,149.137.49.149,172.20.10.10,182,39 dBm,39,,,,,,39,39
1755,61.0727472,149.137.49.149,172.20.10.10,179,39 dBm,39,,,,,,39,39
1756,61.1724997,149.137.49.149,172.20.10.10,182,40 dBm,40,,,,,,40,40
1758,61.275623,149.137.49.149,172.20.10.10,182,38 dBm,38,,,,,,38,38
1759,61.3733181,149.137.49.149,172.20.10.10,182,40 dBm,40,,,,,,40,40
1760,61.4018863,149.137.49.149,172.20.10.10,158,38 dBm,38,,,,,,38,38
1763,61.4697281,1.1.1.1,172.20.10.10,126,38 dBm,38,,,,,,38,38
1764,61.4715472,149.137.49.149,172.20.10.10,175,39 dBm,39,,,,,,39,39
1765,61.4715472,149.137.49.149,172.20.10.10,182,39 dBm,39,,,,,,39,39
1767,61.4755019,149.137.49.149,172.20.10.10,175,38 dBm,38,,,,,,38,38
1768,61.5804432,149.137.49.149,172.20.10.10,182,36 dBm,36,,,,,,36,36
1771,61.6725892,149.137.49.149,172.20.10.10,182,38 dBm,38,,,,,,38,38
1775,61.7247832,149.137.49.149,172.20.10.10,175,42 dBm,42,,,,,,42,42
1777,61.7337548,149.137.49.149,172.20.10.10,175,42 dBm,42,,,,,,42,42
1778,61.7657526,149.137.49.149,172.20.10.10,182,41 dBm,41,,,,,,41,41
1782,61.8567256,149.137.49.149,172.20.10.10,175,43 dBm,43,,,,,,43,43
1784,61.8676924,149.137.49.149,172.20.10.10,182,43 dBm,43,,,,,,43,43
1785,61.8697972,149.137.49.149,172.20.10.10,175,43 dBm,43,,,,,,43,43
1786,61.9695344,149.137.49.149,172.20.10.10,182,41 dBm,41,,,,,,41,41
1788,62.0803074,149.137.49.149,172.20.10.10,182,41 dBm,41,,,,,,41,41
1790,62.1514571,149.137.49.149,172.20.10.10,151,41 dBm,41,,,,,,41,41
1792,62.1586304,149.137.49.149,172.20.10.10,106,41 dBm,41,,,,,,41,41
1793,62.1595541,149.137.49.149,172.20.10.10,151,41 dBm,41,,,,,,41,41
1794,62.1725397,149.137.49.149,172.20.10.10,182,40 dBm,40,,,,,,40,40
1795,62.2088189,149.137.49.149,172.20.10.10,106,39 dBm,39,,,,,,39,39
1797,62.2647155,149.137.49.149,172.20.10.10,182,39 dBm,39,,,,,,39,39
1798,62.3659028,149.137.49.149,172.20.10.10,182,36 dBm,36,,,,,,36,36
1800,62.4220053,149.137.49.149,172.20.10.10,158,36 dBm,36,,,,,,36,36
1802,62.4675442,149.137.49.149,172.20.10.10,182,39 dBm,39,,,,,,39,39
1803,62.4793362,1.1.1.1,172.20.10.10,126,39 dBm,39,,,,,,39,39
1804,62.5687401,149.137.49.149,172.20.10.10,182,37 dBm,37,,,,,,37,37
1805,62.6817615,149.137.49.149,172.20.10.10,182,39 dBm,39,,,,,,39,39
1807,62.7804977,149.137.49.149,172.20.10.10,182,40 dBm,40,,,,,,40,40
1808,62.9706242,149.137.49.149,172.20.10.10,182,36 dBm,36,,,,,,36,36
1809,62.9707267,149.137.49.149,172.20.10.10,182,36 dBm,36,,,,,,36,36
1810,63.1263678,149.137.49.149,172.20.10.10,182,37 dBm,37,,,,,,37,37
1812,63.283613,149.137.49.149,172.20.10.10,182,40 dBm,40,,,,,,40,40
1813,63.283613,149.137.49.149,172.20.10.10,182,40 dBm,40,,,,,,40,40
1814,63.3752108,149.137.49.149,172.20.10.10,182,38 dBm,38,,,,,,38,38
1816,63.5306387,149.137.49.149,172.20.10.10,158,40 dBm,40,,,,,,40,40
1817,63.5308575,149.137.49.149,172.20.10.10,182,40 dBm,40,,,,,,40,40
1819,63.5494692,1.1.1.1,172.20.10.10,126,41 dBm,41,,,,,,41,41
1820,63.6046421,149.137.49.149,172.20.10.10,182,41 dBm,41,,,,,,41,41
1824,63.805223,149.137.49.149,172.20.10.10,182,41 dBm,41,,,,,,41,41
1825,63.8053447,149.137.49.149,172.20.10.10,182,41 dBm,41,,,,,,41,41
1827,63.8950009,149.137.49.149,172.20.10.10,182,40 dBm,40,,,,,,40,40
1833,63.9286179,149.137.49.149,172.20.10.10,106,38 dBm,38,,,,,,38,38
1834,63.9286179,149.137.49.149,172.20.10.10,192,38 dBm,38,,,,,,38,38
1836,64.0342338,149.137.49.149,172.20.10.10,182,38 dBm,38,,,,,,38,38
1837,64.1777208,149.137.49.149,172.20.10.10,182,39 dBm,39,,,,,,39,39
1838,64.1778995,149.137.49.149,172.20.10.10,106,39 dBm,39,,,,,,39,39
1839,64.1778995,149.137.49.149,172.20.10.10,182,39 dBm,39,,,,,,39,39
1840,64.3562579,149.137.49.149,172.20.10.10,182,39 dBm,39,,,,,,39,39
1842,64.3754948,149.137.49.149,172.20.10.10,182,39 dBm,39,,,,,,39,39
1844,64.4992284,149.137.49.149,172.20.10.10,158,39 dBm,39,,,,,,39,39
1845,64.4993076,149.137.49.149,172.20.10.10,182,39 dBm,39,,,,,,39,39
1846,64.5147738,1.1.1.1,172.20.10.10,126,38 dBm,38,,,,,,38,38
1847,64.6490385,149.137.49.149,172.20.10.10,182,35 dBm,35,,,,,,35,35
1848,64.6490385,149.137.49.149,172.20.10.10,561,35 dBm,35,,,,,,35,35
1850,64.6644487,149.137.49.149,172.20.10.10,182,34 dBm,34,,,,,,34,34
1852,64.7923787,149.137.49.149,172.20.10.10,106,36 dBm,36,,,,,,36,36
1853,64.7923787,149.137.49.149,172.20.10.10,182,36 dBm,36,,,,,,36,36
1854,64.9701609,149.137.49.149,172.20.10.10,182,35 dBm,35,,,,,,35,35
1857,64.9711238,149.137.49.149,172.20.10.10,182,36 dBm,36,,,,,,36,36
1859,65.1145849,149.137.49.149,172.20.10.10,182,33 dBm,33,,,,,,33,33
1861,65.2288004,149.137.49.149,172.20.10.10,182,34 dBm,34,,,,,,34,34
1862,65.2288004,149.137.49.149,172.20.10.10,175,34 dBm,34,,,,,,34,34
1864,65.2464268,149.137.49.149,172.20.10.10,175,35 dBm,35,,,,,,35,35
1865,65.2734012,149.137.49.149,172.20.10.10,182,35 dBm,35,,,,,,35,35
1867,65.3642247,149.137.49.149,172.20.10.10,182,33 dBm,33,,,,,,33,33
1869,65.4626456,149.137.49.149,172.20.10.10,158,31 dBm,31,,,,,,31,31
1870,65.4673055,149.137.49.149,172.20.10.10,182,31 dBm,31,,,,,,31,31
1871,65.4774209,149.137.49.149,172.20.10.10,175,32 dBm,32,,,,,,32,32
1873,65.4787353,149.137.49.149,172.20.10.10,175,33 dBm,33,,,,,,33,33
1875,65.5151877,1.1.1.1,172.20.10.10,126,33 dBm,33,,,,,,33,33
1876,65.5683498,149.137.49.149,172.20.10.10,182,35 dBm,35,,,,,,35,35
1878,65.6078907,149.137.49.149,172.20.10.10,175,34 dBm,34,,,,,,34,34
1880,65.6148253,149.137.49.149,172.20.10.10,175,35 dBm,35,,,,,,35,35
1881,65.6689036,149.137.49.149,172.20.10.10,182,33 dBm,33,,,,,,33,33
1883,65.7746344,149.137.49.149,172.20.10.10,182,35 dBm,35,,,,,,35,35
1884,65.8825985,149.137.49.149,172.20.10.10,182,33 dBm,33,,,,,,33,33
1886,65.9033594,149.137.49.149,172.20.10.10,151,33 dBm,33,,,,,,33,33
1888,65.9093052,149.137.49.149,172.20.10.10,106,33 dBm,33,,,,,,33,33
1889,65.9101528,149.137.49.149,172.20.10.10,151,33 dBm,33,,,,,,33,33
1890,65.9638011,149.137.49.149,172.20.10.10,182,34 dBm,34,,,,,,34,34
1892,65.9649781,149.137.49.149,172.20.10.10,106,34 dBm,34,,,,,,34,34
1893,66.0729463,149.137.49.149,172.20.10.10,182,32 dBm,32,,,,,,32,32
1895,66.1670343,149.137.49.149,172.20.10.10,179,32 dBm,32,,,,,,32,32
1896,66.1670343,149.137.49.149,172.20.10.10,182,32 dBm,32,,,,,,32,32
1897,66.2681461,149.137.49.149,172.20.10.10,182,31 dBm,31,,,,,,31,31
1898,66.3785221,149.137.49.149,172.20.10.10,182,30 dBm,30,,,,,,30,30
1900,66.4711477,149.137.49.149,172.20.10.10,182,32 dBm,32,,,,,,32,32
1901,66.4818354,149.137.49.149,172.20.10.10,158,32 dBm,32,,,,,,32,32
1903,66.5297125,1.1.1.1,172.20.10.10,126,35 dBm,35,,,,,,35,35
1904,66.5636561,149.137.49.149,172.20.10.10,182,33 dBm,33,,,,,,33,33
1905,66.6733208,149.137.49.149,172.20.10.10,182,29 dBm,29,,,,,,29,29
1906,66.7733768,149.137.49.149,172.20.10.10,182,32 dBm,32,,,,,,32,32
1908,66.8776903,149.137.49.149,172.20.10.10,182,32 dBm,32,,,,,,32,32
1909,66.9739573,149.137.49.149,172.20.10.10,182,33 dBm,33,,,,,,33,33
1910,67.0782041,149.137.49.149,172.20.10.10,182,34 dBm,34,,,,,,34,34
1912,67.0883833,3.235.96.63,172.20.10.10,118,34 dBm,34,,,,,,34,34
1913,67.1716518,149.137.49.149,172.20.10.10,182,34 dBm,34,,,,,,34,34
1914,67.2724203,149.137.49.149,172.20.10.10,182,31 dBm,31,,,,,,31,31
1915,67.3665305,149.137.49.149,172.20.10.10,182,36 dBm,36,,,,,,36,36
1916,67.476775,149.137.49.149,172.20.10.10,182,32 dBm,32,,,,,,32,32
1918,67.5015824,149.137.49.149,172.20.10.10,158,33 dBm,33,,,,,,33,33
1920,67.5397518,1.1.1.1,172.20.10.10,126,35 dBm,35,,,,,,35,35
1921,67.5698374,149.137.49.149,172.20.10.10,182,36 dBm,36,,,,,,36,36
1922,67.6801372,149.137.49.149,172.20.10.10,182,32 dBm,32,,,,,,32,32
1923,67.7817188,149.137.49.149,172.20.10.10,182,34 dBm,34,,,,,,34,34
1925,67.8724992,149.137.49.149,172.20.10.10,182,33 dBm,33,,,,,,33,33
1926,67.9746316,149.137.49.149,172.20.10.10,182,33 dBm,33,,,,,,33,33
1927,68.0768226,149.137.49.149,172.20.10.10,182,34 dBm,34,,,,,,34,34
1928,68.174614,149.137.49.149,172.20.10.10,182,33 dBm,33,,,,,,33,33
1932,68.270449,149.137.49.149,172.20.10.10,182,35 dBm,35,,,,,,35,35
1933,68.3819429,149.137.49.149,172.20.10.10,182,33 dBm,33,,,,,,33,33
1934,68.4727053,149.137.49.149,172.20.10.10,182,33 dBm,33,,,,,,33,33
1935,68.5219853,149.137.49.149,172.20.10.10,158,33 dBm,33,,,,,,33,33
1937,68.5453205,1.1.1.1,172.20.10.10,126,35 dBm,35,,,,,,35,35
1938,68.5665173,149.137.49.149,172.20.10.10,182,35 dBm,35,,,,,,35,35
1940,68.6825209,149.137.49.149,172.20.10.10,182,34 dBm,34,,,,,,34,34
1941,68.7777923,149.137.49.149,172.20.10.10,182,34 dBm,34,,,,,,34,34
1942,68.8769288,149.137.49.149,172.20.10.10,182,37 dBm,37,,,,,,37,37
1945,68.9713358,149.137.49.149,172.20.10.10,175,34 dBm,34,,,,,,34,34
1946,68.9714143,149.137.49.149,172.20.10.10,175,34 dBm,34,,,,,,34,34
1948,68.9731596,149.137.49.149,172.20.10.10,182,34 dBm,34,,,,,,34,34
1949,69.0724808,149.137.49.149,172.20.10.10,182,36 dBm,36,,,,,,36,36
1950,69.1724071,149.137.49.149,172.20.10.10,182,36 dBm,36,,,,,,36,36
1952,69.2275363,149.137.49.149,172.20.10.10,175,35 dBm,35,,,,,,35,35
1954,69.2295991,149.137.49.149,172.20.10.10,175,35 dBm,35,,,,,,35,35
1955,69.267005,149.137.49.149,172.20.10.10,182,35 dBm,35,,,,,,35,35
1958,69.3662165,149.137.49.149,172.20.10.10,175,36 dBm,36,,,,,,36,36
1959,69.3662165,149.137.49.149,172.20.10.10,175,36 dBm,36,,,,,,36,36
1961,69.368925,149.137.49.149,172.20.10.10,182,36 dBm,36,,,,,,36,36
1962,69.4808799,149.137.49.149,172.20.10.10,182,39 dBm,39,,,,,,39,39
1964,69.5410705,149.137.49.149,172.20.10.10,158,38 dBm,38,,,,,,38,38
1965,69.5543379,1.1.1.1,172.20.10.10,126,36 dBm,36,,,,,,36,36
1966,69.5715177,149.137.49.149,172.20.10.10,182,37 dBm,37,,,,,,37,37
1968,69.5852137,149.137.49.149,172.20.10.10,172,37 dBm,37,,,,,,37,37
1970,69.6048139,149.137.49.149,172.20.10.10,106,37 dBm,37,,,,,,37,37
1972,69.6533289,149.137.49.149,172.20.10.10,151,36 dBm,36,,,,,,36,36
1973,69.6533289,149.137.49.149,172.20.10.10,106,36 dBm,36,,,,,,36,36
1975,69.6549851,149.137.49.149,172.20.10.10,151,36 dBm,36,,,,,,36,36
1976,69.672834,149.137.49.149,172.20.10.10,182,35 dBm,35,,,,,,35,35
1978,69.714392,149.137.49.149,172.20.10.10,106,36 dBm,36,,,,,,36,36
1979,69.7635189,149.137.49.149,172.20.10.10,182,35 dBm,35,,,,,,35,35
1980,69.8742247,149.137.49.149,172.20.10.10,182,36 dBm,36,,,,,,36,36
1984,69.9745152,149.137.49.149,172.20.10.10,182,36 dBm,36,,,,,,36,36
1987,70.0784809,149.137.49.149,172.20.10.10,182,40 dBm,40,,,,,,40,40
1988,70.1878414,149.137.49.149,172.20.10.10,182,40 dBm,40,,,,,,40,40
1991,70.280205,149.137.49.149,172.20.10.10,182,39 dBm,39,,,,,,39,39
1992,70.3067595,149.137.49.149,172.20.10.10,106,39 dBm,39,,,,,,39,39
1993,70.3136013,149.137.49.149,172.20.10.10,156,39 dBm,39,,,,,,39,39
1997,70.364738,149.137.49.149,172.20.10.10,182,38 dBm,38,,,,,,38,38
1998,70.4848078,149.137.49.149,172.20.10.10,182,37 dBm,37,,,,,,37,37
2000,70.5685563,1.1.1.1,172.20.10.10,126,37 dBm,37,,,,,,37,37
2001,70.5685563,149.137.49.149,172.20.10.10,158,37 dBm,37,,,,,,37,37
2002,70.5692387,149.137.49.149,172.20.10.10,182,37 dBm,37,,,,,,37,37
2004,70.6760322,149.137.49.149,172.20.10.10,182,37 dBm,37,,,,,,37,37
2005,70.7788047,149.137.49.149,172.20.10.10,182,36 dBm,36,,,,,,36,36
2006,70.882191,149.137.49.149,172.20.10.10,182,38 dBm,38,,,,,,38,38
2008,70.9642461,149.137.49.149,172.20.10.10,182,37 dBm,37,,,,,,37,37
2009,71.0739241,149.137.49.149,172.20.10.10,182,36 dBm,36,,,,,,36,36
2010,71.1763039,149.137.49.149,172.20.10.10,182,38 dBm,38,,,,,,38,38
2011,71.286103,149.137.49.149,172.20.10.10,179,39 dBm,39,,,,,,39,39
2012,71.286103,149.137.49.149,172.20.10.10,182,39 dBm,39,,,,,,39,39
2014,71.3743511,149.137.49.149,172.20.10.10,182,36 dBm,36,,,,,,36,36
2017,71.472781,149.137.49.149,172.20.10.10,182,37 dBm,37,,,,,,37,37
2019,71.5633635,149.137.49.149,172.20.10.10,182,37 dBm,37,,,,,,37,37
2020,71.5695327,1.1.1.1,172.20.10.10,126,37 dBm,37,,,,,,37,37
2021,71.5813027,149.137.49.149,172.20.10.10,158,38 dBm,38,,,,,,38,38
2022,71.6745804,149.137.49.149,172.20.10.10,182,40 dBm,40,,,,,,40,40
2026,71.7663007,149.137.49.149,172.20.10.10,182,40 dBm,40,,,,,,40,40
2027,71.914019,149.137.49.149,172.20.10.10,182,39 dBm,39,,,,,,39,39
2028,71.9707811,149.137.49.149,172.20.10.10,182,39 dBm,39,,,,,,39,39
2029,72.0807561,149.137.49.149,172.20.10.10,182,45 dBm,45,,,,,,45,45
2031,72.1644222,149.137.49.149,172.20.10.10,182,43 dBm,43,,,,,,43,43
2032,72.268384,149.137.49.149,172.20.10.10,182,41 dBm,41,,,,,,41,41
2033,72.3674507,149.137.49.149,172.20.10.10,182,44 dBm,44,,,,,,44,44
2034,72.4772073,149.137.49.149,172.20.10.10,182,46 dBm,46,,,,,,46,46
2037,72.570574,149.137.49.149,172.20.10.10,182,45 dBm,45,,,,,,45,45
2038,72.5796821,1.1.1.1,172.20.10.10,126,45 dBm,45,,,,,,45,45
2039,72.6015012,149.137.49.149,172.20.10.10,158,44 dBm,44,,,,,,44,44
2040,72.6897381,149.137.49.149,172.20.10.10,182,44 dBm,44,,,,,,44,44
2042,72.7122362,149.137.49.149,172.20.10.10,175,43 dBm,43,,,,,,43,43
2044,72.7205062,149.137.49.149,172.20.10.10,175,43 dBm,43,,,,,,43,43
2045,72.7638695,149.137.49.149,172.20.10.10,182,44 dBm,44,,,,,,44,44
2048,72.8656697,149.137.49.149,172.20.10.10,182,45 dBm,45,,,,,,45,45
2051,72.9663461,149.137.49.149,172.20.10.10,182,42 dBm,42,,,,,,42,42
2052,72.9745554,149.137.49.149,172.20.10.10,175,42 dBm,42,,,,,,42,42
2053,72.9764312,149.137.49.149,172.20.10.10,175,42 dBm,42,,,,,,42,42
2055,73.0831569,149.137.49.149,172.20.10.10,182,40 dBm,40,,,,,,40,40
2057,73.1088503,149.137.49.149,172.20.10.10,175,40 dBm,40,,,,,,40,40
2059,73.1145452,149.137.49.149,172.20.10.10,175,40 dBm,40,,,,,,40,40
2060,73.1704992,149.137.49.149,172.20.10.10,182,38 dBm,38,,,,,,38,38
2062,73.2807187,149.137.49.149,172.20.10.10,182,39 dBm,39,,,,,,39,39
2063,73.363553,149.137.49.149,172.20.10.10,182,42 dBm,42,,,,,,42,42
2064,73.3930895,149.137.49.149,172.20.10.10,151,41 dBm,41,,,,,,41,41
2067,73.413592,149.137.49.149,172.20.10.10,106,40 dBm,40,,,,,,40,40
2068,73.413592,149.137.49.149,172.20.10.10,151,40 dBm,40,,,,,,40,40
2070,73.4647466,149.137.49.149,172.20.10.10,182,43 dBm,43,,,,,,43,43
2071,73.5749257,149.137.49.149,172.20.10.10,182,42 dBm,42,,,,,,42,42
2074,73.5997832,1.1.1.1,172.20.10.10,126,41 dBm,41,,,,,,41,41
2075,73.6013903,149.137.49.149,172.20.10.10,158,41 dBm,41,,,,,,41,41
2076,73.6705395,149.137.49.149,172.20.10.10,182,40 dBm,40,,,,,,40,40
2077,73.7756088,149.137.49.149,172.20.10.10,182,44 dBm,44,,,,,,44,44
2078,73.880791,149.137.49.149,172.20.10.10,182,43 dBm,43,,,,,,43,43
2080,74.0619453,149.137.49.149,172.20.10.10,182,43 dBm,43,,,,,,43,43
2081,74.0645799,149.137.49.149,172.20.10.10,182,43 dBm,43,,,,,,43,43
2082,74.1661435,149.137.49.149,172.20.10.10,182,44 dBm,44,,,,,,44,44
2083,74.2845178,149.137.49.149,172.20.10.10,182,44 dBm,44,,,,,,44,44
2085,74.3778032,149.137.49.149,172.20.10.10,182,46 dBm,46,,,,,,46,46
2086,74.4784954,149.137.49.149,172.20.10.10,182,44 dBm,44,,,,,,44,44
2089,74.5726517,149.137.49.149,172.20.10.10,182,44 dBm,44,,,,,,44,44
2091,74.610532,1.1.1.1,172.20.10.10,126,44 dBm,44,,,,,,44,44
2092,74.6214556,149.137.49.149,172.20.10.10,158,45 dBm,45,,,,,,45,45
2093,74.6636623,149.137.49.149,172.20.10.10,182,45 dBm,45,,,,,,45,45
2095,74.7725904,149.137.49.149,172.20.10.10,182,43 dBm,43,,,,,,43,43
2098,74.8764102,149.137.49.149,172.20.10.10,182,47 dBm,47,,,,,,47,47
2099,74.9739396,149.137.49.149,172.20.10.10,182,47 dBm,47,,,,,,47,47
2101,75.0808143,149.137.49.149,172.20.10.10,182,46 dBm,46,,,,,,46,46
2102,75.1801904,149.137.49.149,172.20.10.10,182,45 dBm,45,,,,,,45,45
2103,75.2671408,149.137.49.149,172.20.10.10,182,47 dBm,47,,,,,,47,47
2104,75.3655737,149.137.49.149,172.20.10.10,182,49 dBm,49,,,,,,49,49
2106,75.4747002,149.137.49.149,172.20.10.10,182,47 dBm,47,,,,,,47,47
2107,75.5762236,149.137.49.149,172.20.10.10,182,47 dBm,47,,,,,,47,47
2109,75.6245537,1.1.1.1,172.20.10.10,126,47 dBm,47,,,,,,47,47
2110,75.6414496,149.137.49.149,172.20.10.10,158,48 dBm,48,,,,,,48,48
2111,75.6705641,149.137.49.149,172.20.10.10,182,47 dBm,47,,,,,,47,47
2113,75.774885,149.137.49.149,172.20.10.10,182,49 dBm,49,,,,,,49,49
2114,75.8726951,149.137.49.149,172.20.10.10,182,47 dBm,47,,,,,,47,47
2115,75.9724138,149.137.49.149,172.20.10.10,182,46 dBm,46,,,,,,46,46
2117,76.0733075,149.137.49.149,172.20.10.10,182,48 dBm,48,,,,,,48,48
2120,76.1685321,149.137.49.149,172.20.10.10,182,46 dBm,46,,,,,,46,46
2121,76.2794786,149.137.49.149,172.20.10.10,182,49 dBm,49,,,,,,49,49
2123,76.3804185,149.137.49.149,172.20.10.10,179,46 dBm,46,,,,,,46,46
2124,76.3804185,149.137.49.149,172.20.10.10,182,46 dBm,46,,,,,,46,46
2126,76.464853,149.137.49.149,172.20.10.10,175,42 dBm,42,,,,,,42,42
2127,76.464853,149.137.49.149,172.20.10.10,182,42 dBm,42,,,,,,42,42
2129,76.4806585,149.137.49.149,172.20.10.10,175,46 dBm,46,,,,,,46,46
2130,76.5641106,149.137.49.149,172.20.10.10,182,48 dBm,48,,,,,,48,48
2132,76.6507313,1.1.1.1,172.20.10.10,126,44 dBm,44,,,,,,44,44
2133,76.6615757,149.137.49.149,172.20.10.10,158,44 dBm,44,,,,,,44,44
2134,76.6664235,149.137.49.149,172.20.10.10,182,44 dBm,44,,,,,,44,44
2137,76.7087337,149.137.49.149,172.20.10.10,192,47 dBm,47,,,,,,47,47
2139,76.7271149,149.137.49.149,172.20.10.10,175,46 dBm,46,,,,,,46,46
2141,76.7288878,149.137.49.149,172.20.10.10,175,46 dBm,46,,,,,,46,46
2143,76.7686127,149.137.49.149,172.20.10.10,182,48 dBm,48,,,,,,48,48
2144,76.8085051,149.137.49.149,172.20.10.10,106,46 dBm,46,,,,,,46,46
2146,76.8595323,149.137.49.149,172.20.10.10,175,47 dBm,47,,,,,,47,47
2147,76.861092,149.137.49.149,172.20.10.10,175,47 dBm,47,,,,,,47,47
2149,76.8694234,149.137.49.149,172.20.10.10,182,45 dBm,45,,,,,,45,45
2150,76.9737581,149.137.49.149,172.20.10.10,182,45 dBm,45,,,,,,45,45
2152,77.0709505,149.137.49.149,172.20.10.10,182,49 dBm,49,,,,,,49,49
2154,77.154297,149.137.49.149,172.20.10.10,151,48 dBm,48,,,,,,48,48
2156,77.1645626,149.137.49.149,172.20.10.10,182,48 dBm,48,,,,,,48,48
2157,77.168464,149.137.49.149,172.20.10.10,106,48 dBm,48,,,,,,48,48
2158,77.1694567,149.137.49.149,172.20.10.10,151,48 dBm,48,,,,,,48,48
2159,77.2136652,149.137.49.149,172.20.10.10,106,47 dBm,47,,,,,,47,47
2161,77.2663724,149.137.49.149,172.20.10.10,182,51 dBm,51,,,,,,51,51
2162,77.3678106,149.137.49.149,172.20.10.10,182,50 dBm,50,,,,,,50,50
2164,77.4761163,149.137.49.149,172.20.10.10,182,49 dBm,49,,,,,,49,49
2165,77.5784896,149.137.49.149,172.20.10.10,182,49 dBm,49,,,,,,49,49
2167,77.6393806,1.1.1.1,172.20.10.10,126,48 dBm,48,,,,,,48,48
2168,77.672044,149.137.49.149,172.20.10.10,182,48 dBm,48,,,,,,48,48
2170,77.6809471,149.137.49.149,172.20.10.10,158,48 dBm,48,,,,,,48,48
2171,77.764253,149.137.49.149,172.20.10.10,182,48 dBm,48,,,,,,48,48
2172,77.8737601,149.137.49.149,172.20.10.10,182,48 dBm,48,,,,,,48,48
2173,77.9752214,149.137.49.149,172.20.10.10,182,48 dBm,48,,,,,,48,48
2175,78.0784535,149.137.49.149,172.20.10.10,182,48 dBm,48,,,,,,48,48
2176,78.1745614,149.137.49.149,172.20.10.10,182,48 dBm,48,,,,,,48,48
2177,78.280304,149.137.49.149,172.20.10.10,182,47 dBm,47,,,,,,47,47
2179,78.3705685,149.137.49.149,172.20.10.10,182,48 dBm,48,,,,,,48,48
2180,78.4733513,149.137.49.149,172.20.10.10,182,48 dBm,48,,,,,,48,48
2181,78.5670613,149.137.49.149,172.20.10.10,182,48 dBm,48,,,,,,48,48
2183,78.6686634,149.137.49.149,172.20.10.10,182,48 dBm,48,,,,,,48,48
